Title	Length	Artist	Album	Genre	Plays
my tears ricochet	4:16	Taylor Swift	folklore (deluxe version)	Alternative	59
Call It Fate, Call It Karma	3:25	The Strokes	Comedown Machine	Indie Rock	54
seven	3:29	Taylor Swift	folklore (deluxe version)	Alternative	50
Nude	4:15	Radiohead	In Rainbows	Alternative	49
Suspirium	3:22	Thom Yorke	Suspiria (Music for the Luca Guadagnino Film)	Soundtrack	48
Weird Fishes / Arpeggi	5:18	Radiohead	In Rainbows	Alternative	47
Why Are Sundays So Depressing	4:36	The Strokes	The New Abnormal	Alternative	47
Delicate	3:52	Taylor Swift	reputation	Pop	45
Pumped Up Kicks	3:58	Foster the People	Pumped Up Kicks - Single	Alternative	42
Trying Your Luck	3:23	The Strokes	Is This It	Indie Rock	41
the 1	3:30	Taylor Swift	folklore (deluxe version)	Alternative	41
State of Grace (Acoustic Version)	5:23	Taylor Swift	Red (Deluxe Version)	Country	40
Alone, Together	3:09	The Strokes	Is This It	Indie Rock	39
cardigan	4:00	Taylor Swift	folklore (deluxe version)	Alternative	39
Is This It	2:31	The Strokes	Is This It	Indie Rock	37
hoax	3:40	Taylor Swift	folklore (deluxe version)	Alternative	37
Backdrifts (Honeymoon Is Over)	5:23	Radiohead	Hail to the Thief	Alternative	35
exile (feat. Bon Iver)	4:46	Taylor Swift	folklore (deluxe version)	Alternative	34
Decks Dark	4:41	Radiohead	A Moon Shaped Pool	Alternative	33
John My Beloved	5:05	Sufjan Stevens	Carrie & Lowell	Singer/Songwriter	33
2+2=5	3:19	Radiohead	Hail to the Thief	Alternative	31
long story short	3:36	Taylor Swift	evermore (deluxe version)	Alternative	31
You and Whose Army?	3:11	Radiohead	Amnesiac	Alternative	30
All I Need	3:49	Radiohead	In Rainbows	Alternative	30
Waking Up Slow (Piano)	3:41	Gabrielle Aplin	Waking Up Slow (Piano) - Single	Singer/Songwriter	29
Bodysnatchers	4:02	Radiohead	In Rainbows	Alternative	29
Instant Crush (feat. Julian Casablancas)	5:38	Daft Punk	Random Access Memories	Pop	28
invisible string	4:13	Taylor Swift	folklore (deluxe version)	Alternative	28
Cornelia Street	4:47	Taylor Swift	Lover	Pop	28
the last great american dynasty	3:51	Taylor Swift	folklore (deluxe version)	Alternative	27
Present Tense	5:07	Radiohead	A Moon Shaped Pool	Alternative	26
No Surprises (Remastered)	3:48	Radiohead	OK Computer OKNOTOK 1997 2017	Alternative	26
Lucky (Remastered)	4:20	Radiohead	OK Computer OKNOTOK 1997 2017	Alternative	26
hell or flying	4:01	Jeremy Zucker	love is not dying (Deluxe Version)	Pop	25
Burn the Witch	3:41	Radiohead	A Moon Shaped Pool	Alternative	25
champagne problems	4:04	Taylor Swift	evermore (deluxe version)	Alternative	25
Treacherous	4:03	Taylor Swift	Red (Deluxe Version)	Country	25
Myxomatosis (Judge, Jury & Executioner)	3:53	Radiohead	Hail to the Thief	Alternative	24
Fitter Happier (Remastered)	1:57	Radiohead	OK Computer OKNOTOK 1997 2017	Alternative	24
Reptilia	3:40	The Strokes	Room On Fire	Indie Rock	24
False God	3:20	Taylor Swift	Lover	Pop	24
Like Spinning Plates	3:57	Radiohead	Amnesiac	Alternative	23
Reckoner	4:50	Radiohead	In Rainbows	Alternative	23
The Adults Are Talking	5:09	The Strokes	The New Abnormal	Alternative	23
I Will	1:59	Radiohead	Hail to the Thief	Alternative	22
You're So Right	2:34	The Strokes	Angles	Indie Rock	22
this is me trying	3:15	Taylor Swift	folklore (deluxe version)	Alternative	22
Nightvision	1:44	Daft Punk	Discovery	Electronic	21
Exit Music (For a Film) [Remastered]	4:25	Radiohead	OK Computer OKNOTOK 1997 2017	Alternative	21
The Mother We Share	3:11	Chvrches	The Bones of What You Believe	Pop	20
Written on the Sky	1:40	Max Richter	The Blue Notebooks	Classical	20
There, There	5:24	Radiohead	Hail to the Thief	Alternative	20
Scatterbrain (As Dead As Leaves)	3:22	Radiohead	Hail to the Thief	Alternative	20
Faust Arp	2:10	Radiohead	In Rainbows	Alternative	20
Man of War	4:29	Radiohead	OK Computer OKNOTOK 1997 2017	Alternative	20
mirrorball	3:29	Taylor Swift	folklore (deluxe version)	Alternative	20
Waiting For What	1:37	Antonio Sanchez	Birdman (Original Motion Picture Soundtrack)	Soundtrack	19
We Suck Young Blood (Your Time Is Up)	4:57	Radiohead	Hail to the Thief	Alternative	19
Glass Eyes	2:53	Radiohead	A Moon Shaped Pool	Alternative	19
Lift	4:07	Radiohead	OK Computer OKNOTOK 1997 2017	Alternative	19
right where you left me (bonus track)	4:05	Taylor Swift	evermore (deluxe version)	Alternative	19
Clean	4:31	Taylor Swift	1989 (Deluxe)	Pop	19
hello old friend	3:19	Jeremy Zucker & Chelsea Cutler	brent - EP	Pop	18
Uptown Funk (feat. Bruno Mars)	4:31	Mark Ronson	Uptown Funk (feat. Bruno Mars) - Single	Pop	18
True Love Waits (Live)	5:03	Radiohead	I Might Be Wrong - Live Recordings	Alternative	18
Jigsaw Falling Into Place	4:09	Radiohead	In Rainbows	Alternative	18
Lotus Flower	5:00	Radiohead	The King of Limbs	Alternative	18
Airbag (Remastered)	4:44	Radiohead	OK Computer OKNOTOK 1997 2017	Alternative	18
I'll Try Anything Once (You Only Live Once' Live Demo Version)	3:16	The Strokes	Heart In a Cage - Single	Rock	18
Selfless	3:42	The Strokes	The New Abnormal	Alternative	18
august	4:22	Taylor Swift	folklore (deluxe version)	Alternative	18
Style	3:51	Taylor Swift	1989 (Deluxe)	Pop	18
Crush	3:36	Tessa Violet	Bad Ideas	Alternative	18
The Bends	4:06	Radiohead	The Bends	Alternative	17
Bullet Proof...I Wish I Was	3:29	Radiohead	The Bends	Alternative	17
Sit Down Stand Up (Snakes & Ladders)	4:20	Radiohead	Hail to the Thief	Alternative	17
Everything In Its Right Place	4:11	Radiohead	Kid A	Alternative	17
Make Believe	2:54	Shallou	Magical Thinking	Electronic	17
Call Me Back	3:02	The Strokes	Angles	Indie Rock	17
Automatic Stop	3:27	The Strokes	Room On Fire	Indie Rock	17
I Think He Knows	2:53	Taylor Swift	Lover	Pop	17
New Year’s Day	3:55	Taylor Swift	reputation	Pop	17
Harder, Better, Faster, Stronger	3:44	Daft Punk	Discovery	Electronic	16
peace	3:54	Taylor Swift	folklore (deluxe version)	Alternative	16
Exist for Love	4:13	AURORA	Exist For Love - Single	Alternative	15
Allowed to be Happy	2:49	Gustavo Santaolalla	The Last of Us Part II (Original Soundtrack)	Soundtrack	15
you were good to me	3:39	Jeremy Zucker & Chelsea Cutler	brent - EP	Pop	15
Girl That You Love	3:09	Panic! At the Disco	Too Weird To Live, Too Rare To Die!	Alternative	15
Knives Out	4:15	Radiohead	Amnesiac	Alternative	15
Sail to the Moon (Brush the Cobwebs Out of the Sky)	4:18	Radiohead	Hail to the Thief	Alternative	15
dorothea	3:46	Taylor Swift	evermore (deluxe version)	Alternative	15
betty	4:55	Taylor Swift	folklore (deluxe version)	Alternative	15
Begin Again	3:58	Taylor Swift	Red (Deluxe Version)	Country	15
Make You Feel My Love	3:32	ADELE	19 (Deluxe Edition)	Pop	14
Give Life Back to Music	4:34	Daft Punk	Random Access Memories	Pop	14
HandClap	3:13	Fitz & The Tantrums	Fitz & the Tantrums	Pop	14
Where I End and You Begin (The Sky Is Falling In)	4:29	Radiohead	Hail to the Thief	Alternative	14
Tinker Tailor Soldier Sailor Rich Man Poor Man Beggar Man Thief	5:04	Radiohead	A Moon Shaped Pool	Alternative	14
Climbing Up the Walls (Remastered)	4:45	Radiohead	OK Computer OKNOTOK 1997 2017	Alternative	14
The End Has No End	3:06	The Strokes	Room On Fire	Indie Rock	14
ivy	4:20	Taylor Swift	evermore (deluxe version)	Alternative	14
Death By A Thousand Cuts	3:19	Taylor Swift	Lover	Pop	14
Run Away with Me	4:11	Carly Rae Jepsen	E•MO•TION  (Deluxe)	Pop	13
Forgotten Memories	1:08	Gustavo Santaolalla	The Last of Us (Video Game Soundtrack)	Soundtrack	13
ILYSB (Stripped)	4:05	Lany	Make Out EP	Indie Rock, Alternative	13
Life In a Glasshouse	4:35	Radiohead	Amnesiac	Alternative	13
Talk Show Host	4:40	Radiohead	The Best of Radiohead (Special Edition)	Alternative	13
Ful Stop	6:07	Radiohead	A Moon Shaped Pool	Alternative	13
Between Love & Hate	3:17	The Strokes	Room On Fire	Indie Rock	13
Under Control	3:07	The Strokes	Room On Fire	Indie Rock	13
Disciples	1:48	Tame Impala	Currents	Alternative	13
The Archer	3:31	Taylor Swift	Lover	Pop	13
Miss Americana & The Heartbreak Prince	3:54	Taylor Swift	Lover	Pop	13
It's Nice To Have A Friend	2:30	Taylor Swift	Lover	Pop	13
Treacherous (Demo)	4:00	Taylor Swift	Red (Deluxe Version)	Country	13
So It Goes...	3:48	Taylor Swift	reputation	Pop	13
Doors and Distance	2:19	Antonio Sanchez	Birdman (Original Motion Picture Soundtrack)	Soundtrack	12
Gimmie Love	3:22	Carly Rae Jepsen	E•MO•TION  (Deluxe)	Pop	12
Crazier Things	5:05	Chelsea Cutler	How To Be Human	Pop	12
Radar Love	3:44	Golden Earring	Baby Driver (Music from the Motion Picture)	Alternative	12
Chinatown	1:22	Justin Hurwitz	La La Land - The Complete Musical Experience	Soundtrack	12
Don't Look Back Into the Sun	3:02	The Libertines	Steve Jobs (Original Motion Picture Soundtrack)		12
FOILS	3:11	Ludwig Göransson	Tenet (Original Motion Picture Soundtrack) [Deluxe Edition]	Soundtrack	12
In Limbo	3:31	Radiohead	Kid A	Alternative	12
Morning Bell	4:36	Radiohead	Kid A	Alternative	12
True Love Waits	4:43	Radiohead	A Moon Shaped Pool	Alternative	12
Subterranean Homesick Alien (Remastered)	4:29	Radiohead	OK Computer OKNOTOK 1997 2017	Alternative	12
The Only Thing	4:44	Sufjan Stevens	Carrie & Lowell	Singer/Songwriter	12
The Last Time (feat. Gary Lightbody)	4:59	Taylor Swift	Red (Deluxe Version)	Country	12
Don’t Blame Me	3:56	Taylor Swift	reputation	Pop	12
King of My Heart	3:34	Taylor Swift	reputation	Pop	12
Unmade	4:28	Thom Yorke	Suspiria (Music for the Luca Guadagnino Film)	Soundtrack	12
The Jumps	2:39	Thom Yorke	Suspiria (Music for the Luca Guadagnino Film)	Soundtrack	12
Morph	4:19	twenty one pilots	Trench	Alternative	12
First Love	3:10	ADELE	19 (Deluxe Edition)	Pop	11
the stars	2:53	Chelsea Cutler	brent ii - EP	Pop	11
Jar of Hearts	4:05	Christina Perri	The Ocean Way Sessions	Pop	11
4EVER	2:40	Clairo	diary 001 - EP	Alternative	11
Something About Us	3:51	Daft Punk	Discovery	Electronic	11
Human After All	5:19	Daft Punk	Human After All	Dance	11
Happiness	4:16	Goldfrapp	Now That's What I Call Chill	Pop	11
Sucker	3:01	Jonas Brothers	Sucker - Single	Pop	11
Mrs. Cold	3:07	Kings Of Convenience	Now That's What I Call Chill	Pop	11
15 Step	3:57	Radiohead	In Rainbows	Alternative	11
Optimistic	5:16	Radiohead	Kid A	Alternative	11
Idioteque	5:09	Radiohead	Kid A	Alternative	11
Roked	3:22	Shye Ben Tzur, Jonny Greenwood & The Rajasthan Express	Junun	World	11
What Ever Happened?	2:50	The Strokes	Room On Fire	Indie Rock	11
Cruel Summer	2:58	Taylor Swift	Lover	Pop	11
Getaway Car	3:54	Taylor Swift	reputation	Pop	11
Enchanted	5:52	Taylor Swift	Speak Now (Deluxe Version)	Country	11
Pet Cheetah	3:18	twenty one pilots	Trench	Alternative	11
It's Not Living (If It's Not With You)	4:09	The 1975	It's Not Living (If It's Not With You)	Alternative	11
New Recording 28 - Lions	4:24	Chelsea Cutler	How To Be Human	Pop	10
please	3:39	Chelsea Cutler & Jeremy Zucker	brent - EP	Pop	10
Digital Love	4:58	Daft Punk	Discovery	Electronic	10
scared	3:27	Jeremy Zucker	brent - EP	Pop	10
Happy Pills	3:33	Norah Jones	Now That's What I Call Chill	Pop	10
Punisher	3:10	Phoebe Bridgers	Punisher	Alternative	10
A Wolf At the Door	3:21	Radiohead	Hail to the Thief	Alternative	10
Videotape	4:40	Radiohead	In Rainbows	Alternative	10
Motion Picture Soundtrack	3:21	Radiohead	Kid A	Alternative	10
Desert Island Disk	3:45	Radiohead	A Moon Shaped Pool	Alternative	10
Paranoid Android (Remastered)	6:24	Radiohead	OK Computer OKNOTOK 1997 2017	Alternative	10
Slow Animals	4:21	The Strokes	Comedown Machine	Indie Rock	10
Meet Me In the Bathroom	2:56	The Strokes	Room On Fire	Indie Rock	10
The Way It Is	2:22	The Strokes	Room On Fire	Indie Rock	10
illicit affairs	3:11	Taylor Swift	folklore (deluxe version)	Alternative	10
Soon You'll Get Better (feat. Dixie Chicks)	3:22	Taylor Swift	Lover	Pop	10
Afterglow	3:43	Taylor Swift	Lover	Pop	10
...Ready For It?	3:28	Taylor Swift	reputation	Pop	10
Sweeter Than Fiction	3:55	Taylor Swift	Sweeter Than Fiction (From "One Chance") - Single	Soundtrack	10
Ours	3:58	Taylor Swift	Speak Now (Deluxe Version)	Country	10
Cut My Lip	4:43	twenty one pilots	Trench	Alternative	10
Crescendolls	3:32	Daft Punk	Discovery	Electronic	9
Lose Yourself to Dance (feat. Pharrell Williams)	5:54	Daft Punk	Random Access Memories	Pop	9
Touch (feat. Paul Williams)	8:19	Daft Punk	Random Access Memories	Pop	9
Motherboard	5:42	Daft Punk	Random Access Memories	Pop	9
Dreams	4:18	Fleetwood Mac	Rumours	Rock	9
We Fell in Love in October	3:04	girl in red	We Fell in Love in October / Forget Her - Single	Alternative	9
I Know Alone	3:46	HAIM	Women In Music Pt. III	Alternative	9
Open Arms	3:19	Journey	Journey's Greatest Hits	Pop	9
Roaring 20s	3:07	Panic! At the Disco	Pray For The Wicked	Alternative	9
The Daily Mail	3:38	Radiohead	The Daily Mail / Staircase - Single	Alternative	9
How to Disappear Completely	5:56	Radiohead	Kid A	Alternative	9
Treefingers	3:43	Radiohead	Kid A	Alternative	9
Brooklyn Bridge to Chorus	3:56	The Strokes	The New Abnormal	Alternative	9
Should Have Known Better	5:08	Sufjan Stevens	Carrie & Lowell	Singer/Songwriter	9
The Less I Know the Better	3:39	Tame Impala	Currents	Alternative	9
evermore (feat. Bon Iver)	5:04	Taylor Swift	evermore (deluxe version)	Alternative	9
Paper Rings	3:42	Taylor Swift	Lover	Pop	9
Everything Has Changed (feat. Ed Sheeran)	4:05	Taylor Swift	Red (Deluxe Version)	Country	9
End Game (feat. Ed Sheeran & Future)	4:05	Taylor Swift	reputation	Pop	9
Dancing With Our Hands Tied	3:31	Taylor Swift	reputation	Pop	9
All You Had To Do Was Stay	3:13	Taylor Swift	1989 (Deluxe)	Pop	9
Not the News	3:57	Thom Yorke	ANIMA	Electronic	9
Pieces Form the Whole	4:16	Trent Reznor & Atticus Ross	The Social Network (Soundtrack from the Motion Picture)	Soundtrack	9
TOOTIMETOOTIMETOOTIME	3:29	The 1975	TOOTIMETOOTIMETOOTIME	Alternative	9
Do I Wanna Know?	4:32	Arctic Monkeys	AM	Alternative	8
Nerds (Studio)	3:26	Bo Burnham	what.	Comedy	8
Stay Away	3:37	Carly Rae Jepsen	Dedicated Side B	Pop	8
All That	4:37	Carly Rae Jepsen	E•MO•TION  (Deluxe)	Pop	8
Almost Said It	2:28	Carly Rae Jepsen	Kiss (Deluxe Version)	Pop	8
Burnin'	6:54	Daft Punk	Homework	House	8
Neat Neat Neat	2:42	The Damned	Baby Driver (Music from the Motion Picture)	Alternative	8
Gasoline	3:13	HAIM	Women In Music Pt. III	Alternative	8
good for her	0:56	Jeremy Zucker	love is not dying (Deluxe Version)	Pop	8
City of Stars (Humming) [feat. Emma Stone]	2:40	Justin Hurwitz	La La Land - The Complete Musical Experience	Soundtrack	8
Mia & Sebastian’s Theme (Celesta)	1:26	Justin Hurwitz	La La Land - The Complete Musical Experience	Soundtrack	8
Will You Be There (Single Version)	3:40	Michael Jackson	The Essential Michael Jackson	Pop	8
Wild Roses	4:03	Of Monsters and Men	FEVER DREAM	Alternative	8
Pyramid Song	4:49	Radiohead	Amnesiac	Alternative	8
Separator	5:20	Radiohead	The King of Limbs	Alternative	8
The Tourist (Remastered)	5:24	Radiohead	OK Computer OKNOTOK 1997 2017	Alternative	8
Cut You Off	3:02	Selena Gomez	Rare	Pop	8
Wham Bam Shang-A-Lang	3:32	Silver	Vol. 2 Guardians of the Galaxy: Awesome Mix, Vol. 2 (Original Motion Picture Soundtrack)	Soundtrack	8
Something Kinda Funny	4:05	Spice Girls	Spice	Pop	8
Eternal Summer	6:15	The Strokes	The New Abnormal	Alternative	8
I Can't Win	2:42	The Strokes	Room On Fire	Indie Rock	8
Death with Dignity	4:00	Sufjan Stevens	Carrie & Lowell	Singer/Songwriter	8
gold rush	3:05	Taylor Swift	evermore (deluxe version)	Alternative	8
happiness	5:15	Taylor Swift	evermore (deluxe version)	Alternative	8
mad woman	3:57	Taylor Swift	folklore (deluxe version)	Alternative	8
I Forgot That You Existed	2:51	Taylor Swift	Lover	Pop	8
Lover	3:41	Taylor Swift	Lover	Pop	8
Sad Beautiful Tragic	4:45	Taylor Swift	Red (Deluxe Version)	Country	8
Come Back... Be Here	3:44	Taylor Swift	Red (Deluxe Version)	Country	8
Gorgeous	3:30	Taylor Swift	reputation	Pop	8
September - Recorded at The Tracking Room Nashville	3:09	Taylor Swift	Spotify Singles	Pop	8
I Wish You Would	3:27	Taylor Swift	1989 (Deluxe)	Pop	8
Bad Ideas	2:59	Tessa Violet	Bad Ideas	Alternative	8
I Like (The idea of) You	2:50	Tessa Violet	Bad Ideas	Alternative	8
Upswingin'	2:12	Tim Simonec	Whiplash (Original Motion Picture Soundtrack)	Soundtrack	8
Levitate	2:26	twenty one pilots	Trench	Alternative	8
False Alarm	3:40	The Weeknd	Starboy	R&B/Soul	8
Now And Then	4:12	ADELE	19 (Deluxe Edition)	Pop	7
No. 1 Party Anthem	4:03	Arctic Monkeys	AM	Alternative	7
Knee Socks	4:18	Arctic Monkeys	AM	Alternative	7
Comeback (feat. Bleachers)	3:44	Carly Rae Jepsen	Dedicated Side B	Pop	7
E•MO•TION	3:17	Carly Rae Jepsen	E•MO•TION  (Deluxe)	Pop	7
Surrender	4:14	Cheap Trick	Vol. 2 Guardians of the Galaxy: Awesome Mix, Vol. 2 (Original Motion Picture Soundtrack)	Pop	7
1998. the New Mac	2:10	Daniel Pemberton	Steve Jobs (Original Motion Picture Soundtrack)		7
The Kids Aren't Alright	4:21	Fall Out Boy	American Beauty / American Psycho	Alternative Rock	7
Poser	3:47	Grace VanderWaal	LETTERS: Vol. 1 - EP	Pop	7
Summer Girl (Bonus Track)	3:25	HAIM	Women In Music Pt. III	Alternative	7
Golden	3:29	Harry Styles	Fine Line	Pop	7
If We Were Vampires	3:38	Jason Isbell and the 400 Unit	The Nashville Sound	Country	7
always, i'll care	2:26	Jeremy Zucker	love is not dying (Deluxe Version)	Pop	7
this is how you fall in love	2:55	Jeremy Zucker & Chelsea Cutler	brent ii - EP	Pop	7
parent song	4:23	Jeremy Zucker & Chelsea Cutler	brent ii - EP	Pop	7
emily	3:54	Jeremy Zucker & Chelsea Cutler	brent ii - EP	Pop	7
Old Town Road	1:53	Lil Nas X	Old Town Road - Single	Country	7
The Louvre	4:31	Lorde	Melodrama	Alternative	7
MEETING NEIL	2:16	Ludwig Göransson	Tenet (Original Motion Picture Soundtrack) [Deluxe Edition]	Soundtrack	7
Show Me How	3:35	Men I Trust			7
Kid A	4:45	Radiohead	Kid A	Alternative	7
Give Up the Ghost	4:50	Radiohead	The King of Limbs	Alternative	7
Let Down (Remastered)	4:59	Radiohead	OK Computer OKNOTOK 1997 2017	Alternative	7
Palo Alto (Remastered)	3:52	Radiohead	OK Computer OKNOTOK 1997 2017	Alternative	7
Unchained Melody	3:36	The Righteous Brothers	NOW That's What I Call A No. 1	Pop	7
Forget	2:39	Shallou	Magical Thinking	Electronic	7
Threat of Joy	4:25	The Strokes	Future Present Past EP	Alternative	
Barely Legal	3:55	The Strokes	Is This It	Indie Rock	7
Hard to Explain	3:44	The Strokes	Is This It	Indie Rock	7
12:51	2:33	The Strokes	Room On Fire	Indie Rock	7
Daylight	4:53	Taylor Swift	Lover	Pop	7
Red	3:43	Taylor Swift	Red (Deluxe Version)	Country	7
All Too Well	5:29	Taylor Swift	Red (Deluxe Version)	Country	7
Holy Ground	3:23	Taylor Swift	Red (Deluxe Version)	Country	7
Look What You Made Me Do	3:32	Taylor Swift	reputation	Pop	7
Shake It Off	3:39	Taylor Swift	1989 (Deluxe)	Pop	7
This Love	4:10	Taylor Swift	1989 (Deluxe)	Pop	7
It Catches Up With You	1:39	Trent Reznor & Atticus Ross	The Social Network (Soundtrack from the Motion Picture)	Soundtrack	7
Postcard (feat. Gordi)	3:37	Troye Sivan	Bloom	Pop	7
Hear Me Now	3:28	Tyler Joseph	No Phun Intended		7
Know How	4:01	Young MC	Baby Driver (Music from the Motion Picture)	Alternative	7
Little Do You Know	3:05	Alex & Sierra	It's About Us	Folk	6
Rollercoaster	3:09	Bleachers	Strange Desire	Pop	6
Oops!...I Did It Again (Remastered)	3:32	Britney Spears	The Essential Britney Spears	Pop	6
Ain't No Rest For The Wicked	2:55	Cage The Elephant	Cage The Elephant	Indie Rock	6
Happy Not Knowing	2:41	Carly Rae Jepsen	Dedicated	Pop	6
Right Words Wrong Time	3:21	Carly Rae Jepsen	Dedicated	Pop	6
Fake Mona Lisa	2:12	Carly Rae Jepsen	Dedicated Side B	Pop	6
Affection	5:11	Cigarettes After Sex	Affection		6
Nothing's Gonna Hurt You Baby	4:46	Cigarettes After Sex	I.		6
Army of One	6:17	Coldplay	A Head Full of Dreams	Alternative	
A Rush Of Blood To The Head	5:51	Coldplay	A Rush Of Blood To The Head	Alternative	6
Face To Face	4:00	Daft Punk	Discovery	Electronic	6
Oh Yeah	2:01	Daft Punk	Homework	House	6
Within	3:49	Daft Punk	Random Access Memories	Pop	6
Doin' It Right (feat. Panda Bear)	4:11	Daft Punk	Random Access Memories	Pop	6
Lights (Single Version)	3:32	Ellie Goulding	Bright Lights	Pop	6
Imagination	4:16	Foster the People	Imagination - Single	Alternative	6
Fleeting	3:00	Gustavo Santaolalla	The Last of Us, Vol. 2 (Video Game Soundtrack)	Soundtrack	6
3:00 AM	3:10	HAIM	Women In Music Pt. III	Alternative	6
Sad Songs	3:30	Illenium, Annika Wells & Said The Sky	Ascend	Dance	6
lakehouse	3:43	Jeremy Zucker	love is not dying (Deluxe Version)	Pop	6
Alma	4:07	Jonny Greenwood	Phantom Thread (Original Motion Picture Soundtrack)	Soundtrack	6
For the Hungry Boy	3:41	Jonny Greenwood	Phantom Thread (Original Motion Picture Soundtrack)	Soundtrack	6
Heartbeats	2:40	José González	Now That's What I Call Chill	Pop	6
It’s Over / Engagement Party	1:35	Justin Hurwitz	La La Land - The Complete Musical Experience	Soundtrack	6
Feelings	3:10	Lauv	~how i'm feeling~	Pop	6
Who (feat. BTS)	3:00	Lauv	~how i'm feeling~	Pop	6
Homemade Dynamite	3:10	Lorde	Melodrama	Alternative	6
Wonderwall	4:17	Oasis	(What`s the Story) Morning Glory	World	6
This Is Gospel (Piano Version)	3:21	Panic! At The Disco	This Is Gospel (Piano Version)		6
Vegas Lights	3:09	Panic! At the Disco	Too Weird To Live, Too Rare To Die!	Alternative	6
Collar Full	3:18	Panic! At the Disco	Too Weird To Live, Too Rare To Die!	Alternative	6
Radio Ga Ga	5:43	Queen	The Platinum Collection	Rock	6
Just	3:54	Radiohead	The Bends	Alternative	6
Daydreaming	6:24	Radiohead	A Moon Shaped Pool	Alternative	6
Karma Police (Remastered)	4:21	Radiohead	OK Computer OKNOTOK 1997 2017	Alternative	6
Fading Like a Flower (Every Time You Leave)	3:51	Roxette	The 30 Biggest Hits XXX	Pop	6
Crowded Room	3:06	Selena Gomez & 6LACK	Rare	Pop	6
Silent Skies (feat. KARRA)	4:07	Seven Lions	Where I Won't Be Found	Electronic	6
One Way Trigger	4:02	The Strokes	Comedown Machine	Indie Rock	6
Red Light	3:12	The Strokes	First Impressions of Earth	Indie Rock	6
Someday	3:03	The Strokes	Is This It	Indie Rock	6
Cornelia Street (Live From Paris)	4:56	Taylor Swift	Cornelia Street (Live From Paris) - Single	Pop	6
tis the damn season	3:50	Taylor Swift	evermore (deluxe version)	Alternative	6
cowboy like me	4:35	Taylor Swift	evermore (deluxe version)	Alternative	6
Fearless	4:02	Taylor Swift	Fearless (Platinum Edition)	Country	6
State of Grace	4:56	Taylor Swift	Red (Deluxe Version)	Country	6
Dress	3:50	Taylor Swift	reputation	Pop	6
Wildest Dreams	3:40	Taylor Swift	1989 (Deluxe)	Pop	6
Feelin	3:04	Tessa Violet	Bad Ideas	Alternative	6
Side	3:56	Travis	Now That's What I Call Chill	Pop	6
Neon Gravestones	4:00	twenty one pilots	Trench	Alternative	6
Ode To Sleep	5:08	Twenty One Pilots	Vessel	Alternative	6
All I Need	3:59	Air - Beth Hirsch	Now That's What I Call Chill	Pop	5
Claustrophobia	1:10	Antonio Sanchez	Birdman (Original Motion Picture Soundtrack)	Soundtrack	5
Baby You're a Rich Man	3:04	The Beatles	Magical Mystery Tour	Pop/Rock	5
Tequila	3:30	Button Down Brass	Baby Driver (Music from the Motion Picture)	Alternative	5
I'll Be Your Girl	2:59	Carly Rae Jepsen	Dedicated	Pop	5
Solo	3:16	Carly Rae Jepsen	Dedicated Side B	Pop	5
Warm Blood	4:13	Carly Rae Jepsen	E•MO•TION  (Deluxe)	Pop	5
It's OK	3:46	Cee Lo Green	Now That's What I Call Chill	Pop	5
Teachers	2:53	Daft Punk	Homework	House	5
The Prime Time of Your Life	4:23	Daft Punk	Human After All	Dance	5
Television Rules the Nation	4:48	Daft Punk	Human After All	Dance	5
Get Lucky (feat. Pharrell Williams)	6:10	Daft Punk	Random Access Memories	Pop	5
Rat a Tat Ft Courtney Love	4:03	Fall Out Boy	Save Rock and Roll	Rock	5
Your Reply	4:19	Frances Quinlan	Likewise	Alternative	5
Tangerine	3:21	Glass Animals	Dreamland	Alternative	5
((home movie: 1994))	0:07	Glass Animals	Dreamland	Alternative	5
Southern Nights	2:58	Glen Campbell	Vol. 2 Guardians of the Galaxy: Awesome Mix, Vol. 2 (Original Motion Picture Soundtrack)	Country	5
The Hour	1:02	Gustavo Santaolalla	The Last of Us (Video Game Soundtrack)	Soundtrack	5
I've Been Down	2:51	HAIM	Women In Music Pt. III	Alternative	5
Where We're Going	7:41	Hans Zimmer	Interstellar (Original Motion Picture Soundtrack) [Deluxe Version]	Soundtrack	5
Lights Up	2:52	Harry Styles	Fine Line	Pop	5
we're f****d, it's fine	1:44	Jeremy Zucker	love is not dying (Deluxe Version)	Pop	5
orchid	4:29	Jeremy Zucker	love is not dying (Deluxe Version)	Pop	5
oh, mexico	3:04	Jeremy Zucker	love is not dying (Deluxe Version)	Pop	5
Bogart & Bergman	2:11	Justin Hurwitz	La La Land - The Complete Musical Experience	Soundtrack	5
Rialto	0:28	Justin Hurwitz	La La Land - The Complete Musical Experience	Soundtrack	5
Shallow	3:36	Lady Gaga & Bradley Cooper	A Star Is Born Soundtrack	Soundtrack	5
The Blue Notebooks	1:21	Max Richter	The Blue Notebooks	Classical	5
Black Sheep	4:50	Metric	Metric		5
This Is It	3:37	Michael Jackson	Michael Jackson's This Is It (The Music That Inspired the Movie)	Pop	5
Hey Look Ma, I Made It	2:50	Panic! At the Disco	Pray For The Wicked	Alternative	5
Don't Stop Me Now	3:30	Queen	Greatest Hits	Rock	5
I Might Be Wrong	4:54	Radiohead	Amnesiac	Alternative	5
Morning Bell / Amnesiac	3:14	Radiohead	Amnesiac	Alternative	5
My Iron Lung	4:36	Radiohead	The Bends	Alternative	5
Go to Sleep (Little Man Being Erased)	3:22	Radiohead	Hail to the Thief	Alternative	5
Little by Little	4:27	Radiohead	The King of Limbs	Alternative	5
I Promise	3:59	Radiohead	OK Computer OKNOTOK 1997 2017	Alternative	5
Lull (Remastered)	2:26	Radiohead	OK Computer OKNOTOK 1997 2017	Alternative	5
surface (feat. Caspian)	6:02	San Holo	album1	Electronic / Future Bass / House / Trap / Midtempo	5
Ring	2:29	Selena Gomez	Rare	Pop	5
Kinda Crazy	3:32	Selena Gomez	Rare	Pop	5
Where I Won't Be Found (feat. NÉONHÈART)	3:01	Seven Lions	Where I Won't Be Found	Electronic	5
Life Is Simple In the Moonlight	4:15	The Strokes	Angles	Indie Rock	5
Tap Out	3:42	The Strokes	Comedown Machine	Indie Rock	5
Ode to the Mets	5:52	The Strokes	The New Abnormal	Alternative	5
willow	3:35	Taylor Swift	evermore (deluxe version)	Alternative	5
The Best Day	4:05	Taylor Swift	Fearless (Platinum Edition)	Country	5
ME! (feat. Brendon Urie of Panic! At the Disco)	3:13	Taylor Swift	Lover	Pop	5
Only The Young (Featured in Miss Americana)	2:38	Taylor Swift	Only The Young (Featured in Miss Americana) - Single	Pop	5
I Did Something Bad	3:58	Taylor Swift	reputation	Pop	5
Call It What You Want	3:24	Taylor Swift	reputation	Pop	5
Delicate - Recorded at The Tracking Room Nashville	3:49	Taylor Swift	Spotify Singles	Pop	5
Out of the Woods	3:56	Taylor Swift	1989 (Deluxe)	Pop	5
How You Get the Girl	4:08	Taylor Swift	1989 (Deluxe)	Pop	5
You Are In Love	4:27	Taylor Swift	1989 (Deluxe)	Pop	5
Everybody Wants to Rule the World	4:13	Tears for Fears	Rule the World: The Greatest Hits	Pop	5
Hand Covers Bruise	4:19	Trent Reznor & Atticus Ross	The Social Network (Soundtrack from the Motion Picture)	Soundtrack	5
Level of Concern	3:40	twenty one pilots	Level of Concern - Single	Alternative	5
My Blood	3:49	twenty one pilots	Trench	Alternative	5
Truce	2:23	Twenty One Pilots	Vessel	Alternative	5
Dollhouse	2:05	Tyler Joseph	No Phun Intended		5
Blinding Lights	3:20	The Weeknd	After Hours (Deluxe)	R&B/Soul	5
Mr. Moustafa	3:04	Alexandre Desplat	The Grand Budapest Hotel (Original Soundtrack)	Soundtrack	4
The New Lobby Boy	2:18	Alexandre Desplat	The Grand Budapest Hotel (Original Soundtrack)	Soundtrack	4
Get Ready	1:29	Antonio Sanchez	Birdman (Original Motion Picture Soundtrack)	Soundtrack	4
Strut, Pt. 2	1:20	Antonio Sanchez	Birdman (Original Motion Picture Soundtrack)	Soundtrack	4
Hey Jude	7:10	The Beatles	1	Rock	4
Be at Peace with Yourself	5:01	Bill Fay	Life Is People	Pop	4
Piano Man	5:36	Billy Joel	Greatest Hits Volume I & Volume II	Pop	4
Skinny Love	3:22	Birdy	Now That's What I Call Chill	Pop	4
Hooked on a Feeling	2:53	Blue Swede	Guardians of the Galaxy: Awesome Mix, Vol. 1 (Original Motion Picture Soundtrack)	Soundtrack	4
Oh Bo [Studio]	5:04	Bo Burnham	Words Words Words	Comedy	4
Julien	3:54	Carly Rae Jepsen	Dedicated	Pop	4
Window	3:18	Carly Rae Jepsen	Dedicated Side B	Pop	4
Felt This Way	3:37	Carly Rae Jepsen	Dedicated Side B	Pop	4
I Really Like You	3:25	Carly Rae Jepsen	E•MO•TION  (Deluxe)	Pop	4
Your Type	3:20	Carly Rae Jepsen	E•MO•TION  (Deluxe)	Pop	4
Curiosity	3:33	Carly Rae Jepsen	Kiss (Deluxe Version)	Pop	4
sometimes	4:36	Chelsea Cutler	brent - EP	Pop	4
Are You Listening	2:53	Chelsea Cutler	How To Be Human	Pop	4
Nj	3:31	Chelsea Cutler	How To Be Human	Pop	4
Somebody Else Will Get Your Eyes	3:50	Chelsea Cutler	How To Be Human	Pop	4
Heavenly	4:47	Cigarettes After Sex	Cry	Alternative	4
Veridis Quo	5:45	Daft Punk	Discovery	Electronic	4
Around the World	7:08	Daft Punk	Homework	House	4
Life Out of Balance	4:06	Daniel Pemberton	Steve Jobs (Original Motion Picture Soundtrack)		4
The Nature of People	4:05	Daniel Pemberton	Steve Jobs (Original Motion Picture Soundtrack)		4
Come On Eileen	4:06	Dexys Midnight Runners	NOW That's What I Call A No. 1	Pop	4
Photograph	4:19	Ed Sheeran	x (Deluxe Edition)	Pop	4
Bloodstream	5:00	Ed Sheeran	x (Deluxe Edition)	Pop	4
wrong	1:04	EDEN	vertigo	Alternative	4
take care	3:16	EDEN	vertigo	Alternative	4
Pack Up	3:11	Eliza Doolittle	Eliza Doolittle	Pop	4
Just One Yesterday Ft Foxes	4:05	Fall Out Boy	Save Rock and Roll	Rock	4
The Chain	4:27	Fleetwood Mac	Vol. 2 Guardians of the Galaxy: Awesome Mix, Vol. 2 (Original Motion Picture Soundtrack)	Soundtrack	4
Piltdown Man	3:15	Frances Quinlan	Likewise	Alternative	4
We Are Young	4:11	fun. Feat. Janelle Monáe	Now That's What I Call Music! 82 [Disc 1]	Pop	4
Careless Whisper	5:00	George Michael	Ladies & Gentlemen... The Best of George Michael (Bonus Track Version)	Pop	4
The Last of Us	3:04	Gustavo Santaolalla	The Last of Us (Video Game Soundtrack)	Soundtrack	4
Home	3:08	Gustavo Santaolalla	The Last of Us (Video Game Soundtrack)	Soundtrack	4
All Gone (Reunion)	1:48	Gustavo Santaolalla	The Last of Us, Vol. 2 (Video Game Soundtrack)	Soundtrack	4
Falling	4:18	HAIM	Days Are Gone (Deluxe Edition)	Rock	4
If I Could Change Your Mind	3:50	HAIM	Days Are Gone (Deluxe Edition)	Rock	4
Another Try	3:25	HAIM	Women In Music Pt. III	Alternative	4
Leaning On You	3:21	HAIM	Women In Music Pt. III	Alternative	4
Cornfield Chase	2:07	Hans Zimmer	Interstellar (Original Motion Picture Soundtrack) [Deluxe Version]	Soundtrack	4
First Step	1:48	Hans Zimmer	Interstellar (Original Motion Picture Soundtrack) [Deluxe Version]	Soundtrack	4
Joi	3:52	Hans Zimmer & Benjamin Wallfisch	Blade Runner 2049 (Original Motion Picture Soundtrack)	Soundtrack	4
Watermelon Sugar	2:54	Harry Styles	Fine Line	Pop	4
Adore You	3:27	Harry Styles	Fine Line	Pop	4
To Be Alone	5:24	Hozier	Hozier (Deluxe Version)	Alternative / Rock	4
Reverie (feat. King Deco)	5:00	Illenium	Ashes	Electronic	4
Bongolia	2:12	Incredible Bongo Band	Baby Driver (Music from the Motion Picture)	Alternative	4
Bartender	3:13	James Blunt	The Afterlove	Pop	4
brooklyn boy	2:55	Jeremy Zucker	brent ii - EP	Pop	4
still	0:41	Jeremy Zucker	love is not dying (Deluxe Version)	Pop	4
julia	4:21	Jeremy Zucker	love is not dying (Deluxe Version)	Pop	4
Barbara Rose	4:40	Jonny Greenwood	Phantom Thread (Original Motion Picture Soundtrack)	Soundtrack	4
Surprise	1:30	Justin Hurwitz	La La Land - The Complete Musical Experience	Soundtrack	4
Call From Dad	0:40	Justin Hurwitz	Whiplash (Original Motion Picture Soundtrack)	Soundtrack	4
No Halo	3:07	Kevin Morby	Oh My God		4
Need You Now	3:55	Lady Antebellum	Now That's What I Call Chill	Pop	4
Just Hold On	3:19	Louis Tomlinson	Just Hold On - Single	舞曲	4
FREEPORT	3:39	Ludwig Göransson	Tenet (Original Motion Picture Soundtrack) [Deluxe Edition]	Soundtrack	4
Ho Hey	2:43	The Lumineers	The Lumineers	Country	4
Dreamlover	3:53	Mariah Carey	Music Box	R&B	4
Horizon Variations	1:53	Max Richter	The Blue Notebooks	Classical	4
Old Song	2:11	Max Richter	The Blue Notebooks	Classical	4
Man In the Mirror (Remastered)	5:19	Michael Jackson	Michael Jackson's This Is It (The Music That Inspired the Movie)	Pop	4
Love Alone	3:05	Mokita	Love Alone - Single	Dance	4
Unwritten	4:19	Natasha Bedingfield	Unwritten	Pop	4
Nebraska	2:55	Oh Wonder	No One Else Can Wear Your Crown (Deluxe)	Pop	4
I Have Friends In Holy Spaces	1:56	Panic! At the Disco	Pretty. Odd. (Deluxe Version)	Alternative	4
Behind the Sea	3:33	Panic! At the Disco	Pretty. Odd. (Deluxe Version)	Alternative	4
This Is Gospel	3:07	Panic! At the Disco	Too Weird To Live, Too Rare To Die!	Alternative	4
Girls/Girls/Boys	3:27	Panic! At the Disco	Too Weird To Live, Too Rare To Die!	Alternative	4
Far Too Young To Die	3:17	Panic! At the Disco	Too Weird To Live, Too Rare To Die!	Alternative	4
Circles	3:35	Post Malone	Hollywood's Bleeding	Hip-Hop/Rap	4
Under Pressure (feat. David Bowie)	3:57	Queen	The Platinum Collection	Rock	4
Packt Like Sardines In a Crushd Tin Box	4:00	Radiohead	Amnesiac	Alternative	4
Fake Plastic Trees	4:51	Radiohead	The Bends	Alternative	4
House of Cards	5:28	Radiohead	In Rainbows	Alternative	4
The National Anthem	5:52	Radiohead	Kid A	Alternative	4
Codex	4:47	Radiohead	The King of Limbs	Alternative	4
How I Made My Millions (Remastered)	3:07	Radiohead	OK Computer OKNOTOK 1997 2017	Alternative	4
When Something Is Wrong With My Baby	3:14	Sam and Dave	Baby Driver (Music from the Motion Picture)	Alternative	4
go back in time	4:22	San Holo	album1	Electronic / Future Bass / House / Trap / Midtempo	4
vestal avenue	4:15	San Holo	album1	Electronic / Future Bass / House / Trap / Midtempo	4
Cry Cry Cry	3:18	Scott Helman	Augusta	Alternative	4
Look At Her Now	2:43	Selena Gomez	Rare	Pop	4
Magical Thinking	1:58	Shallou	Magical Thinking	Electronic	4
Junun	5:54	Shye Ben Tzur, Jonny Greenwood & The Rajasthan Express	Junun	World	4
Metabolism	3:01	The Strokes	Angles	Indie Rock	4
Drag Queen	4:33	The Strokes	Future Present Past EP	Alternative	4
Soma	2:34	The Strokes	Is This It	Indie Rock	4
When It Started	2:55	The Strokes	Is This It	Indie Rock	4
Bad Decisions	4:53	The Strokes	The New Abnormal	Alternative	4
You Talk Way Too Much	3:06	The Strokes	Room On Fire	Indie Rock	4
Fourth of July	4:39	Sufjan Stevens	Carrie & Lowell	Singer/Songwriter	4
tolerate it	4:05	Taylor Swift	evermore (deluxe version)	Alternative	4
Untouchable	5:11	Taylor Swift	Fearless (Platinum Edition)	Country	4
White Horse	3:54	Taylor Swift	Fearless (Platinum Edition)	Country	4
Love Story (Taylor's Version)	3:56	Taylor Swift	Fearless (Taylor's Version)	Country	4
my tears ricochet (the long pond studio sessions)	4:55	Taylor Swift	folklore: the long pond studio sessions (from the Disney+ special) [deluxe edition]	Alternative	4
peace (the long pond studio sessions)	3:34	Taylor Swift	folklore: the long pond studio sessions (from the Disney+ special) [deluxe edition]	Alternative	4
The Man	3:10	Taylor Swift	Lover	Pop	4
London Boy	3:10	Taylor Swift	Lover	Pop	4
You Need To Calm Down	2:51	Taylor Swift	Lover	Pop	4
The Lucky One	4:00	Taylor Swift	Red (Deluxe Version)	Country	4
Mine	3:50	Taylor Swift	Speak Now (Deluxe Version)	Country	4
Speak Now	4:01	Taylor Swift	Speak Now (Deluxe Version)	Country	4
Back to December (Acoustic Version)	4:52	Taylor Swift	Speak Now (Deluxe Version)	Country	4
Tim McGraw	3:52	Taylor Swift	Taylor Swift	Country	4
Cold As You	3:59	Taylor Swift	Taylor Swift	Country	4
Bored	3:03	Tessa Violet	Bad Ideas	Alternative	4
Painted Sun In Abstract	3:30	Trent Reznor & Atticus Ross	The Social Network (Soundtrack from the Motion Picture)	Soundtrack	4
Goner	3:57	twenty one pilots	Blurryface	Alternative	4
Prove Me Wrong	3:37	Tyler Joseph	No Phun Intended		4
Starboy (feat. Daft Punk)	3:50	The Weeknd	Starboy	R&B/Soul	4
Secrets	4:26	The Weeknd	Starboy	R&B/Soul	4
Stargirl Interlude (feat. Lana Del Rey)	1:52	The Weeknd	Starboy	R&B/Soul	4
Stand And Deliver	3:33	Adam & The Ants	NOW That's What I Call A No. 1	Pop	3
Daydreamer	3:41	ADELE	19 (Deluxe Edition)	Pop	3
Set Fire to the Rain	4:03	ADELE	21	Pop	3
Someone Like You	4:45	ADELE	21	Pop	3
When We Were Young	4:51	Adele	25	Pop	3
Why Do You Love Me (Target Exclusive)	3:59	Adele	25	Pop	3
The War (Zero's Theme)	1:02	Alexandre Desplat	The Grand Budapest Hotel (Original Soundtrack)	Soundtrack	3
Strut, Pt. 1	1:17	Antonio Sanchez	Birdman (Original Motion Picture Soundtrack)	Soundtrack	3
Schizo	1:52	Antonio Sanchez	Birdman (Original Motion Picture Soundtrack)	Soundtrack	3
Internal War	2:51	Antonio Sanchez	Birdman (Original Motion Picture Soundtrack)	Soundtrack	3
Fire Trail	0:49	Antonio Sanchez	Birdman (Original Motion Picture Soundtrack)	Soundtrack	3
I'm an Albatraoz	2:47	AronChupa	I'm an Albatraoz - Single	Dance	3
I Want to Hold Your Hand	2:26	The Beatles	1	Rock	3
A Hard Day's Night	2:33	The Beatles	1	Rock	3
Uptown Girl	3:15	Billy Joel	NOW That's What I Call A No. 1	Pop	3
Intermission	2:29	Blur	Baby Driver (Music from the Motion Picture)	Alternative	3
Rasputin	4:26	Boney M			3
I Wanna Go	3:31	Britney Spears	The Essential Britney Spears	Pop	3
Cut to the Feeling	3:28	Carly Rae Jepsen	Cut to the Feeling - Single	Pop	3
Want You in My Room	2:46	Carly Rae Jepsen	Dedicated	Pop	3
Everything He Needs	3:39	Carly Rae Jepsen	Dedicated	Pop	3
Too Much	3:17	Carly Rae Jepsen	Dedicated	Pop	3
Automatically in Love	3:33	Carly Rae Jepsen	Dedicated	Pop	3
Let’s Get Lost	3:13	Carly Rae Jepsen	E•MO•TION  (Deluxe)	Pop	3
LA Hallucinations	3:05	Carly Rae Jepsen	E•MO•TION  (Deluxe)	Pop	3
Turn Me Up	3:44	Carly Rae Jepsen	Kiss (Deluxe Version)	Pop	3
Wherever You Will Go	3:19	Charlene Soraia	Wherever You Will Go	Pop	3
We Don't Talk Anymore (feat. Selena Gomez)	3:38	Charlie Puth	Nine Track Mind (Deluxe)	Pop	3
River	3:11	Charlie Puth	Nine Track Mind (Deluxe)	Pop	3
I Should Let You Go	3:06	Chelsea Cutler	How To Be Human	Pop	3
How To Be Human	2:46	Chelsea Cutler	How To Be Human	Pop	3
Birds	3:49	Coldplay	A Head Full of Dreams	Alternative	3
Always In My Head	3:37	Coldplay	Ghost Stories	Alternative	3
Voyager	3:48	Daft Punk	Discovery	Electronic	3
Funk Ad	0:50	Daft Punk	Homework	House	3
Fragments of Time (feat. Todd Edwards)	4:40	Daft Punk	Random Access Memories	Pop	3
Armory	2:03	Daft Punk	TRON: Legacy	Soundtrack	3
Baby Let Me Take You (In My Arms)	3:51	The Detroit Emeralds	Baby Driver (Music from the Motion Picture)	Alternative	3
Perfect	4:23	Ed Sheeran	÷ (Deluxe)	Pop	3
Runaway	3:25	Ed Sheeran	x (Deluxe Edition)	Pop	3
Take It Back	3:28	Ed Sheeran	x (Deluxe Edition)	Pop	3
I See Fire	4:59	Ed Sheeran	x (Deluxe Edition)	Pop	3
Can You Feel the Love Tonight	4:01	Elton John	Walt Disney Records the Legacy Collection: The Lion King	Soundtrack	3
Love the Way You Lie (feat. Rihanna)	4:23	Eminem	Recovery (Deluxe Edition)	Hip-Hop	3
Walking On A Dream	3:17	Empire Of The Sun	Now That's What I Call Chill	Pop	3
Uma Thurman	3:32	Fall Out Boy	American Beauty / American Psycho	Alternative Rock	3
Novocaine	3:47	Fall Out Boy	American Beauty / American Psycho	Alternative Rock	3
Favorite Record	3:23	Fall Out Boy	American Beauty / American Psycho	Alternative Rock	3
Summer Wind	2:55	Frank Sinatra	Blade Runner 2049 (Original Motion Picture Soundtrack)	Soundtrack	3
The Last of Us (You and Me)	2:09	Gustavo Santaolalla	The Last of Us (Video Game Soundtrack)	Soundtrack	3
The Path (A New Beginning)	2:47	Gustavo Santaolalla	The Last of Us (Video Game Soundtrack)	Soundtrack	3
Longing	1:46	Gustavo Santaolalla	The Last of Us Part II (Original Soundtrack)	Soundtrack	3
Grieving	2:19	Gustavo Santaolalla	The Last of Us Part II (Original Soundtrack)	Soundtrack	3
Stalking	1:59	Gustavo Santaolalla	The Last of Us, Vol. 2 (Video Game Soundtrack)	Soundtrack	3
Wandering	2:07	Gustavo Santaolalla	The Last of Us, Vol. 2 (Video Game Soundtrack)	Soundtrack	3
Up From A Dream	3:17	HAIM	Women In Music Pt. III	Alternative	3
Now I'm In It (Bonus Track)	3:24	HAIM	Women In Music Pt. III	Alternative	3
still feel.	4:07	half•alive	still feel.	Alternative;Rock	3
Ghost	2:34	Halsey	BADLANDS (Deluxe)	Alternative	3
Finally // beautiful stranger	3:41	Halsey	Manic	Alternative	3
Running Out	1:57	Hans Zimmer	Interstellar (Original Motion Picture Soundtrack) [Deluxe Version]	Soundtrack	3
Equation (French Version)	2:04	Hans Zimmer & Camille	The Little Prince (Original Motion Picture Soundtrack)	Soundtrack	3
Sunflower, Vol. 6	3:42	Harry Styles	Fine Line	Pop	3
Take Me To Church	4:02	Hozier	Hozier (Deluxe Version)	Alternative / Rock	3
Without You (feat. SKYLR)	3:52	Illenium	Ashes	Electronic	3
Only One (feat. Nina Sung)	4:12	Illenium	Ashes	Electronic	3
I'll Be Your Reason	3:40	Illenium	Ashes	Electronic	3
Afterlife (feat. Echos)	6:04	Illenium	Ashes	Electronic	3
Let It Go	4:23	James Bay	Chaos and the Calm (Deluxe Version)	Singer/Songwriter	3
My Heart Will Go On	4:36	James Horner,Celine Dion	Titanic		3
somebody loves you	3:27	Jeremy Zucker	love is not dying (Deluxe Version)	Pop	3
not ur friend	2:55	Jeremy Zucker	love is not dying (Deluxe Version)	Pop	3
full stop	4:00	Jeremy Zucker	love is not dying (Deluxe Version)	Pop	3
brooks	1:27	Jeremy Zucker	love is not dying (Deluxe Version)	Pop	3
comethru (bonus track)	3:02	Jeremy Zucker	love is not dying (Deluxe Version)	Pop	3
you were good to me (bonus track)	3:39	Jeremy Zucker & Chelsea Cutler	love is not dying (Deluxe Version)	Pop	3
Great Balls of Fire	1:51	Jerry Lee Lewis	Top Gun (Deluxe Edition) [Music from and Inspired By the Motion Picture]	Soundtrack	3
The Hem	2:43	Jonny Greenwood	Phantom Thread (Original Motion Picture Soundtrack)	Soundtrack	3
Phantom Thread II	3:55	Jonny Greenwood	Phantom Thread (Original Motion Picture Soundtrack)	Soundtrack	3
That's As May Be	1:27	Jonny Greenwood	Phantom Thread (Original Motion Picture Soundtrack)	Soundtrack	3
Anxiety (feat. Selena Gomez)	3:30	Julia Michaels	Anxiety	Pop	3
There the Whole Time / Twirl	0:44	Justin Hurwitz	La La Land - The Complete Musical Experience	Soundtrack	3
You Love Jazz Now	0:51	Justin Hurwitz	La La Land - The Complete Musical Experience	Soundtrack	3
It Ain't Me	3:41	Kygo & Selena Gomez	Anxiety	Pop	3
Canada (feat. Alessia Cara)	3:04	Lauv	~how i'm feeling~	Pop	3
I Like Me Better	3:17	Lauv	I Like Me Better - Single	Pop	3
Lost On You	4:26	LP	Lost On You - Single	Alternative	3
Red Dress	4:39	Lucy Hale	Road Between (Deluxe Edition)	Country	3
747	7:05	Ludwig Göransson	Tenet (Original Motion Picture Soundtrack) [Deluxe Edition]	Soundtrack	3
On the Nature of Daylight	6:12	Max Richter	The Blue Notebooks	Classical	3
Vladmir's Blues	1:19	Max Richter	The Blue Notebooks	Classical	3
Ai Se Eu Te Pego	2:46	Michel Teló	Ai Se Eu Te Pego - Single	Brazilian	3
No Two Words	1:41	Nicholas Britell & Justin Hurwitz	Whiplash (Original Motion Picture Soundtrack)	Soundtrack	3
Galaxies	4:03	Owl City	All Things Bright And Beautiful		3
The Saltwater Room	4:56	Owl City	Maybe I'm Dreaming		3
Vanilla Twilight	3:52	Owl City	Ocean Eyes (Deluxe Version)	Other	3
Walk Me Home	2:57	P!nk	Walk Me Home - Single	Pop	3
Death of a Bachelor	3:24	Panic! At the Disco	Death Of A Bachelor	Alternative	3
I Constantly Thank God for Esteban	3:30	Panic! At the Disco	A Fever You Can't Sweat Out	Alternative	3
High Hopes	3:11	Panic! At the Disco	Pray For The Wicked	Alternative	3
Sunflower (Spider-Man: Into the Spider-Verse)	2:38	Post Malone & Swae Lee	Spider-Man: Into the Spider-Verse (Soundtrack From & Inspired by the Motion Picture)	Hip-Hop/Rap	3
Crazy Little Thing Called Love	2:45	Queen	Greatest Hits	Rock	3
Pulk / Pull Revolving Doors	4:07	Radiohead	Amnesiac	Alternative	3
High and Dry	4:18	Radiohead	The Bends	Alternative	3
Nice Dream	3:53	Radiohead	The Bends	Alternative	3
Untitled	0:53	Radiohead	Kid A	Alternative	3
Meeting in the Aisle (Remastered)	3:08	Radiohead	OK Computer OKNOTOK 1997 2017	Alternative	3
City of Stars	1:51	Ryan Gosling	La La Land - The Complete Musical Experience	Soundtrack	3
everything matters (when it comes to you)	5:37	San Holo	album1	Electronic / Future Bass / House / Trap / Midtempo	3
lift me from the ground (feat. Sofie Winterson)	4:21	San Holo	album1	Electronic / Future Bass / House / Trap / Midtempo	3
show me	5:42	San Holo	album1	Electronic / Future Bass / House / Trap / Midtempo	3
always on my mind (feat. James Vincent McMorrow & Yvette Young)	3:41	San Holo	album1	Electronic / Future Bass / House / Trap / Midtempo	3
Honest (feat. Broods)	3:48	San Holo	Honest (feat. Broods) - Single	Dance	3
Bungalow	3:32	Scott Helman	Augusta	Alternative	3
The Lion	3:21	Scott Helman	Augusta	Alternative	3
Back to You	3:30	Selena Gomez	Anxiety	Pop	3
Wolves	3:18	Selena Gomez & Marshmello	Anxiety		3
Lethologica	3:52	Shallou	Magical Thinking	Electronic	3
Endless (feat. The Knocks)	3:48	Shallou	Magical Thinking	Electronic	3
Good Together	3:57	Shallou & Ashe	Magical Thinking	Electronic	3
Mutual Love	3:04	Shallou & Zachary Knowles	Magical Thinking	Electronic	3
Is It Cold In the Water?	3:32	SOPHIE	Oil of Every Pearl's Un-Insides	Electronic	3
Under Cover of Darkness	3:56	The Strokes	Angles	Indie Rock	3
Welcome To Japan	3:51	The Strokes	Comedown Machine	Indie Rock	3
50/50	2:43	The Strokes	Comedown Machine	Indie Rock	3
Chances	3:37	The Strokes	Comedown Machine	Indie Rock	3
Last Nite	3:13	The Strokes	Is This It	Indie Rock	3
Take It or Leave It	3:16	The Strokes	Is This It	Indie Rock	3
At the Door	5:10	The Strokes	The New Abnormal	Alternative	3
Fox on the Run	3:25	The Sweet	Vol. 2 Guardians of the Galaxy: Awesome Mix, Vol. 2 (Original Motion Picture Soundtrack)	Rock	3
no body, no crime (feat. HAIM)	3:36	Taylor Swift	evermore (deluxe version)	Alternative	3
closure	3:01	Taylor Swift	evermore (deluxe version)	Alternative	3
Love Story	3:55	Taylor Swift	Fearless (Platinum Edition)	Country	3
You Belong With Me	3:51	Taylor Swift	Fearless (Platinum Edition)	Country	3
We Were Happy (Taylor’s Version) (From The Vault)	4:04	Taylor Swift	Fearless (Taylor's Version)	Country	3
I Knew You Were Trouble.	3:40	Taylor Swift	Red (Deluxe Version)	Country	3
I Almost Do	4:05	Taylor Swift	Red (Deluxe Version)	Country	3
This Is Why We Can’t Have Nice Things	3:27	Taylor Swift	reputation	Pop	3
Last Kiss	6:07	Taylor Swift	Speak Now (Deluxe Version)	Country	3
Stay Beautiful	3:56	Taylor Swift	Taylor Swift	Country	3
Should've Said No	4:02	Taylor Swift	Taylor Swift	Country	3
Mary's Song (Oh My My My)	3:33	Taylor Swift	Taylor Swift	Country	3
Our Song	3:21	Taylor Swift	Taylor Swift	Country	3
Invisible	3:23	Taylor Swift	Taylor Swift	Country	3
Blank Space	3:52	Taylor Swift	1989 (Deluxe)	Pop	3
Prelude	1:04	Tessa Violet	Bad Ideas	Alternative	3
Games	3:41	Tessa Violet	Bad Ideas	Alternative	3
A Light Green	1:49	Thom Yorke	Suspiria (Music for the Luca Guadagnino Film)	Soundtrack	3
Volk	6:24	Thom Yorke	Suspiria (Music for the Luca Guadagnino Film)	Soundtrack	3
Synthesizer Speaks	0:59	Thom Yorke	Suspiria (Music for the Luca Guadagnino Film)	Soundtrack	3
Africa	4:58	Toto	The Essential Toto	Pop	3
Carbon Prevails	3:53	Trent Reznor & Atticus Ross	The Social Network (Soundtrack from the Motion Picture)	Soundtrack	3
In the Hall of the Mountain King	2:21	Trent Reznor & Atticus Ross	The Social Network (Soundtrack from the Motion Picture)	Soundtrack	3
On We March	4:14	Trent Reznor & Atticus Ross	The Social Network (Soundtrack from the Motion Picture)	Soundtrack	3
Magnetic	2:11	Trent Reznor & Atticus Ross	The Social Network (Soundtrack from the Motion Picture)	Soundtrack	3
Soft Trees Break the Fall	4:45	Trent Reznor & Atticus Ross	The Social Network (Soundtrack from the Motion Picture)	Soundtrack	3
Polarize	3:47	twenty one pilots	Blurryface	Alternative	3
Semi-Automatic	4:15	Twenty One Pilots	Vessel	Alternative	3
The Run And Go	3:49	Twenty One Pilots	Vessel	Alternative	3
Fake You Out	3:51	Twenty One Pilots	Vessel	Alternative	3
Snare Liftoff (I Want To Be One Of The Greats)	0:44	Various Artists	Whiplash (Original Motion Picture Soundtrack)	Soundtrack	3
The World Is Just Awesome (Boom De Yada)	1:00	Various Artists			3
Save Your Tears	3:36	The Weeknd	After Hours (Deluxe)	R&B/Soul	3
Girls Like Me	3:12	Will Joseph Cook	Sweet Dreamer	Pop	3
Chocolate	3:44	The 1975	The 1975	Pop	3
Mamma Mia	3:33	ABBA	Gold: Greatest Hits	Pop	2
Breakthrough	3:27	Adam Hicks, Bridgit Mendler, Naomi Scott, Hayley Kiyoko & Blake Michael	Lemonade Mouth	Soundtrack	2
Take It All	3:48	ADELE	21	Pop	2
No Place	3:00	Backstreet Boys	DNA	Pop	2
In a World Like This	3:40	Backstreet Boys	In a World Like This	Pop	2
No One Else Comes Close	3:44	Backstreet Boys	Millennium	Pop	2
You Wrote the Book On Love	4:38	Backstreet Boys	Millennium	Pop	2
Pompeii	3:34	Bastille	Bad Blood	Pop	2
Let's Go Away For Awhile	2:17	The Beach Boys	Baby Driver (Music from the Motion Picture)	Alternative	2
She Loves You	2:21	The Beatles	1	Rock	2
Can't Buy Me Love	2:11	The Beatles	1	Rock	2
We Can Work It Out	2:15	The Beatles	1	Rock	2
Yellow Submarine	2:38	The Beatles	1	Rock	2
The Ballad of John and Yoko	3:00	The Beatles	1	Rock	2
The Long and Winding Road	3:39	The Beatles	1	Rock	2
I Can't Get Enough	2:38	benny blanco, Tainy, Selena Gomez & J Balvin	Anxiety		2
Take My Breath Away (Love Theme from "Top Gun")	4:15	Berlin	Top Gun (Deluxe Edition) [Music from and Inspired By the Motion Picture]	Soundtrack	2
Are You Happy?	3:14	Bo Burnham	Make Happy		2
Can't Handle This	7:48	Bo Burnham	Make Happy		2
Art Is Dead	2:33	Bo Burnham	Words Words Words	Comedy	2
Someday I'll Be Saturday Night	4:39	Bon Jovi	Bon Jovi: Greatest Hits - The Ultimate Collection	Rock	2
Holding Out for a Hero	5:51	Bonnie Tyler	Footloose (15th Anniversary Collectors' Edition)	Pop	2
If U Seek Amy (Remastered)	3:37	Britney Spears	The Essential Britney Spears	Pop	2
Till the World Ends	3:59	Britney Spears	The Essential Britney Spears	Pop	2
Outside	3:47	Calvin Harris/Ellie Goulding	Motion	Pop	2
The Sound	2:51	Carly Rae Jepsen	Dedicated	Pop	2
Feels Right (feat. Electric Guest)	2:43	Carly Rae Jepsen	Dedicated	Pop	2
Real Love	3:55	Carly Rae Jepsen	Dedicated	Pop	2
For Sure	3:05	Carly Rae Jepsen	Dedicated	Pop	2
Party for One	3:04	Carly Rae Jepsen	Dedicated	Pop	2
Heartbeat	4:13	Carly Rae Jepsen	Dedicated Side B	Pop	2
Let's Sort The Whole Thing Out	3:54	Carly Rae Jepsen	Dedicated Side B	Pop	2
Black Heart	2:57	Carly Rae Jepsen	E•MO•TION  (Deluxe)	Pop	2
Favourite Colour	3:29	Carly Rae Jepsen	E•MO•TION  (Deluxe)	Pop	2
This Kiss	3:49	Carly Rae Jepsen	Kiss (Deluxe Version)	Pop	2
Good Time (feat. Owl City)	3:25	Carly Rae Jepsen	Kiss (Deluxe Version)	Pop	2
Hurt So Good	3:09	Carly Rae Jepsen	Kiss (Deluxe Version)	Pop	2
Circle of Life	3:59	Carmen Twillie & Lebo M	Walt Disney Records the Legacy Collection: The Lion King	Soundtrack	2
The One	2:58	The Chainsmokers	Memories...Do Not Open	Dance	2
Dangerously	3:19	Charlie Puth	Nine Track Mind (Deluxe)	Pop	2
Then There's You	3:34	Charlie Puth	Nine Track Mind (Deluxe)	Pop	2
Sad Tonight	2:58	Chelsea Cutler	How To Be Human	Pop	2
What Would It Take	3:37	Chelsea Cutler	How To Be Human	Pop	2
John Wayne	4:18	Cigarettes After Sex	Cigarettes After Sex	Alternative	2
B.O.M.D. (feat. Danny L Harle)	2:40	Clairo	diary 001 - EP	Alternative	2
Pretty Girl	3:00	Clairo	diary 001 - EP	Alternative	2
The Scientist	5:09	Coldplay	A Rush Of Blood To The Head	Alternative	2
Daylight	5:28	Coldplay	A Rush Of Blood To The Head	Alternative	2
Amsterdam	5:19	Coldplay	A Rush Of Blood To The Head	Alternative	2
Ink	3:48	Coldplay	Ghost Stories	Alternative	2
A Sky Full of Stars	4:28	Coldplay	Ghost Stories	Alternative	2
All Your Friends (Target Exclusive)	3:32	Coldplay	Ghost Stories	Alternative	2
Strawberry Swing	4:10	Coldplay	Strawberry Swing - Single	Alternative	2
Weather With You	3:44	Crowded House	Now That's What I Call Chill	Pop	2
Aerodynamic	3:28	Daft Punk	Discovery	Electronic	2
Beyond	4:50	Daft Punk	Random Access Memories	Pop	2
The Game Has Changed	3:25	Daft Punk	TRON: Legacy	Soundtrack	2
Nocturne	1:42	Daft Punk	TRON: Legacy	Soundtrack	2
Derezzed	1:44	Daft Punk	TRON: Legacy	Soundtrack	2
Solar Sailer	2:42	Daft Punk	TRON: Legacy	Soundtrack	2
The Blower's Daughter	4:37	Damien Rice	Now That's What I Call Chill	Pop	2
It's Not Working	3:45	Daniel Pemberton	Steve Jobs (Original Motion Picture Soundtrack)		2
Unsquare Dance	2:02	The Dave Brubeck Quartet	Baby Driver (Music from the Motion Picture)	Soundtrack	2
Moonage Daydream	4:41	David Bowie	Guardians of the Galaxy: Awesome Mix, Vol. 1 (Original Motion Picture Soundtrack)	Soundtrack	2
Repeat	3:26	David Guetta Feat. Jessie J	Nothing But The Beat	Dance & House	2
Day and Night (feat. Cheb Arres & Alifornia)	3:24	Dj Keyns	Hits Raï 2013	World	2
Warwick Avenue	3:48	Duffy	Now That's What I Call Chill	Pop	2
September	3:36	Earth  Wind & Fire	Greatest Hits	R&B/Soul	2
This	3:16	Ed Sheeran	+ (Deluxe Version)	Singer/Songwriter	2
Lego House	3:05	Ed Sheeran	+ (Deluxe Version)	Singer/Songwriter	2
What Do I Know?	3:57	Ed Sheeran	÷ (Deluxe)	Pop	2
How Would You Feel (Paean)	4:41	Ed Sheeran	÷ (Deluxe)	Pop	2
Mr. Blue Sky	5:03	Electric Light Orchestra	Vol. 2 Guardians of the Galaxy: Awesome Mix, Vol. 2 (Original Motion Picture Soundtrack)	Pop	2
Lost and Found	3:37	Ellie Goulding	Delirium (Deluxe)	Pop	2
On My Mind	3:33	Ellie Goulding	Delirium (Deluxe)	Pop	2
Love Me Like You Do	4:13	Ellie Goulding	Love Me Like You Do (From "Fifty Shades of Grey") - Single	Pop	2
Irresistible	3:27	Fall Out Boy	American Beauty / American Psycho	Alternative Rock	2
Centuries	3:48	Fall Out Boy	American Beauty / American Psycho	Alternative Rock	2
Twin Skeleton's (Hotel In NYC)	3:40	Fall Out Boy	American Beauty / American Psycho	Alternative Rock	2
Where Did the Party Go	4:03	Fall Out Boy	Save Rock and Roll	Rock	2
Young Volcanoes	3:25	Fall Out Boy	Save Rock and Roll	Rock	2
Superman (It's Not Easy)	3:45	Five for Fighting	America Town	Rock	2
O-O-H Child	3:14	The Five Stairsteps	Guardians of the Galaxy: Awesome Mix, Vol. 1 (Original Motion Picture Soundtrack)	Soundtrack	2
Mic the Screecher (Jam Sessions)	1:00	Fleetwood Mac	Recording Sessions, Roughs & Outtakes	Rock	2
Go Your Own Way	3:44	Fleetwood Mac	Rumours	Rock	2
Body Talk	3:30	Foxes	All I Need	Pop	2
My Way	4:36	Frank Sinatra	Nothing But the Best - The Frank Sinatra Collection (Remastered)	Vocal	2
Sweet About Me	3:24	Gabriella Cilmi	Now That's What I Call Chill	Pop	2
Dreamland	3:23	Glass Animals	Dreamland	Alternative	2
Hot Sugar	3:55	Glass Animals	Dreamland	Alternative	2
Space Ghost Coast To Coast	3:07	Glass Animals	Dreamland	Alternative	2
Waterfalls Coming Out Your Mouth	2:42	Glass Animals	Dreamland	Alternative	2
Heat Waves	3:59	Glass Animals	Dreamland	Alternative	2
Somebody That I Used To Know (feat. Kimbra)	4:05	Gotye	Making Mirrors		2
Ur So Beautiful	3:12	Grace VanderWaal	LETTERS: Vol. 1 - EP	Pop	2
Waste My Time	3:21	Grace VanderWaal	LETTERS: Vol. 1 - EP	Pop	2
Vanishing Grace (Innocence)	0:56	Gustavo Santaolalla	The Last of Us (Video Game Soundtrack)	Soundtrack	2
The Choice	1:42	Gustavo Santaolalla	The Last of Us (Video Game Soundtrack)	Soundtrack	2
The Path	1:29	Gustavo Santaolalla	The Last of Us (Video Game Soundtrack)	Soundtrack	2
The Way It Was	1:31	Gustavo Santaolalla	The Last of Us (Video Game Soundtrack)	Soundtrack	2
Returning	3:36	Gustavo Santaolalla	The Last of Us (Video Game Soundtrack)	Soundtrack	2
Unbound	1:57	Gustavo Santaolalla	The Last of Us Part II (Original Soundtrack)	Soundtrack	2
Beyond Desolation	2:25	Gustavo Santaolalla	The Last of Us Part II (Original Soundtrack)	Soundtrack	2
The Last of Us (Astray)	3:29	Gustavo Santaolalla	The Last of Us, Vol. 2 (Video Game Soundtrack)	Soundtrack	2
The Path (Vacant)	2:59	Gustavo Santaolalla	The Last of Us, Vol. 2 (Video Game Soundtrack)	Soundtrack	2
Shadows	0:59	Gustavo Santaolalla	The Last of Us, Vol. 2 (Video Game Soundtrack)	Soundtrack	2
Los Angeles	3:20	HAIM	Women In Music Pt. III	Alternative	2
Don't Wanna	3:22	HAIM	Women In Music Pt. III	Alternative	2
Man From The Magazine	2:07	HAIM	Women In Music Pt. III	Alternative	2
Repeat Stuff	5:21	Bo Burnham	what.	Comedy	1
Repeat Stuff (Studio)	4:58	Bo Burnham	what.	Comedy	1
Harlem Shuffle	2:49	Bob & Earl	Baby Driver (Music from the Motion Picture)	Alternative	1
I'll Be There for You	5:46	Bon Jovi	Bon Jovi: Greatest Hits - The Ultimate Collection	Rock	1
(You Want To) Make a Memory	4:37	Bon Jovi	Bon Jovi: Greatest Hits - The Ultimate Collection	Rock	1
More Than a Feeling	4:45	Boston	Boston	Pop	1
I'm a Slave 4 U (Remastered)	3:25	Britney Spears	The Essential Britney Spears	Pop	1
Hot as Ice (Main Version)	3:17	Britney Spears	The Essential Britney Spears	Pop	1
Circus (Remastered)	3:12	Britney Spears	The Essential Britney Spears	Pop	1
24K Magic	3:47	Bruno Mars	24K Magic	Pop	1
Summer	3:45	Calvin Harris	Motion	Pop	1
This Is What You Came For (feat. Rihanna)	3:42	Calvin Harris	This Is What You Came For (feat. Rihanna) - Single	Dance	1
No Drug Like Me	3:28	Carly Rae Jepsen	Dedicated	Pop	1
This Love Isn't Crazy	3:53	Carly Rae Jepsen	Dedicated Side B	Pop	1
Summer Love	3:16	Carly Rae Jepsen	Dedicated Side B	Pop	1
Now I Don't Hate California After All	4:53	Carly Rae Jepsen	Dedicated Side B	Pop	1
Boy Problems	3:42	Carly Rae Jepsen	E•MO•TION  (Deluxe)	Pop	1
Making the Most of the Night	3:59	Carly Rae Jepsen	E•MO•TION  (Deluxe)	Pop	1
I Didn’t Just Come Here to Dance	3:40	Carly Rae Jepsen	E•MO•TION  (Deluxe)	Pop	1
Tiny Little Bows	3:22	Carly Rae Jepsen	Kiss (Deluxe Version)	Pop	1
More Than a Memory	4:02	Carly Rae Jepsen	Kiss (Deluxe Version)	Pop	1
Guitar String / Wedding Ring	3:27	Carly Rae Jepsen	Kiss (Deluxe Version)	Pop	1
Drive	2:59	Carly Rae Jepsen	Kiss (Deluxe Version)	Pop	1
Sweetie	3:38	Carly Rae Jepsen	Kiss (Deluxe Version)	Pop	1
Part of Your World	3:16	Carly Rae Jepsen	Part of Your World - Single	Soundtrack	1
Father and Son	3:39	Cat Stevens	Vol. 2 Guardians of the Galaxy: Awesome Mix, Vol. 2 (Original Motion Picture Soundtrack)	Pop	1
Closer (feat. Halsey)	4:06	The Chainsmokers	Collage EP	Dance	1
Don't Let Me Down (feat. Daya)	3:29	The Chainsmokers	Collage EP	Dance	1
Bloodstream	3:44	The Chainsmokers	Memories...Do Not Open	Dance	1
Don't Say (feat. Emily Warren)	3:48	The Chainsmokers	Memories...Do Not Open	Dance	1
It Won't Kill Ya (feat. Louane)	3:38	The Chainsmokers	Memories...Do Not Open	Dance	1
Paris	3:42	The Chainsmokers	Memories...Do Not Open	Dance	1
3AM (Pull Up) - Musicfire.in	4:00	Charli XCX/MØ/Musicfire.in	Number 1	Pop/Rock/Musicfire.in	1
My Gospel	3:31	Charlie Puth	Nine Track Mind (Deluxe)	Pop	1
As You Are (feat. Shy Carter)	3:56	Charlie Puth	Nine Track Mind (Deluxe)	Pop	1
LA Girls	3:17	Charlie Puth	Voicenotes	Pop	1
Done For Me (feat. Kehlani)	3:01	Charlie Puth	Voicenotes	Pop	1
Patient	3:11	Charlie Puth	Voicenotes	Pop	1
Empty Cups	2:51	Charlie Puth	Voicenotes	Pop	1
See You Again	3:48	Charlie Puth	Furious 7		1
Strangers Again	3:13	Chelsea Cutler	How To Be Human	Pop	1
I Was In Heaven	4:16	Chelsea Cutler	How To Be Human	Pop	1
You Are Losing Me	3:27	Chelsea Cutler	How To Be Human	Pop	1
I Miss You	4:20	Chelsea Cutler	How To Be Human	Pop	1
The Human Condition	2:31	Chelsea Cutler	How To Be Human	Pop	1
Under The Sun	3:30	Cheryl	Now That's What I Call Music! 83 [Disc 1]	Pop	1
Reflection	3:33	Christina Aguilera	Christina Aguilera	Pop/Rock	1
Apocalypse	4:50	Cigarettes After Sex	Cigarettes After Sex	Alternative	1
Falling In Love	4:06	Cigarettes After Sex	Cry	Alternative	1
Hello? (feat. Rejjie Snow)	2:15	Clairo	diary 001 - EP	Alternative	1
Flaming Hot Cheetos	2:02	Clairo	diary 001 - EP	Alternative	1