id,name,uri,artist,acousticness,danceability,duration_ms,energy,instrumentalness,key,liveness,loudness,mode,speechiness,tempo,time_signature,valence
6or1bKJiZ06IlK0vFvY75k,Rap God,spotify:track:6or1bKJiZ06IlK0vFvY75k,"Eminem, ",0.398,0.708,363521,0.843,0,7,0.793,-2.678,1,0.305,148.164,4,0.641
5YEOzOojehCqxGQCcQiyR4,Panda,spotify:track:5YEOzOojehCqxGQCcQiyR4,"Desiigner, ",0.0231,0.576,246761,0.777,0,10,0.366,-5.035,0,0.458,145.2,4,0.251
6JyuJFedEvPmdWQW0PkbGJ,Purple Lamborghini (with Rick Ross),spotify:track:6JyuJFedEvPmdWQW0PkbGJ,"Skrillex, Rick Ross, ",0.0019,0.457,215510,0.899,0,10,0.831,-2.591,0,0.132,147.268,4,0.298
2Vo3sVSCltAaYU1u0f9ASz,Chill Bill REMIX,spotify:track:2Vo3sVSCltAaYU1u0f9ASz,"Rob $tone, D.R.A.M., Denzel Curry, Cousin Stizz, ",0.0336,0.828,242653,0.49,0.0000271,11,0.0867,-9.278,1,0.0593,107.968,4,0.282
3U8Ev1gISsx6O1uwpsttOD,Mercy.1,spotify:track:3U8Ev1gISsx6O1uwpsttOD,"Kanye West, Big Sean, Pusha T, 2 Chainz, ",0.045,0.731,326347,0.624,0.0000337,6,0.305,-5.761,0,0.311,140.131,4,0.521
6q8Pt6fy2yFVoOxyRdo1Ck,You Can't Stop Me,spotify:track:6q8Pt6fy2yFVoOxyRdo1Ck,"Andy Mineo, ",0.0407,0.778,239962,0.8,0,3,0.237,-5.082,0,0.17,146.011,4,0.471
6r7FXNO57mlZCBY6PXcZZT,Five Hours,spotify:track:6r7FXNO57mlZCBY6PXcZZT,"Deorro, ",0.0197,0.88,326888,0.821,0.661,5,0.234,-2.545,0,0.118,127.907,4,0.576
2AYTGaclgKXACh13nJRVcV,All The Way Up (Remix),spotify:track:2AYTGaclgKXACh13nJRVcV,"Fat Joe, Remy Ma, JAY Z, French Montana, InfaRed, ",0.097,0.564,284831,0.717,0,10,0.493,-6.403,0,0.397,117.489,5,0.421
57bgtoPSgt236HzfBOd8kj,Thunderstruck,spotify:track:57bgtoPSgt236HzfBOd8kj,"AC/DC, ",0.000147,0.501,292880,0.889,0.0114,4,0.217,-5.175,1,0.0364,133.519,4,0.236
5prhsyUrX4ddptcpgszq9H,Bass Drops,spotify:track:5prhsyUrX4ddptcpgszq9H,"Hard Driver, ",0.00163,0.483,194777,0.99,0.705,1,0.536,-3.909,1,0.128,149.91,4,0.0953
5PX4uS1LqlWEPL69phPVQQ,Pursuit Of Happiness - Extended Steve Aoki Remix (Explicit),spotify:track:5PX4uS1LqlWEPL69phPVQQ,"Kid Cudi, MGMT, Ratatat, ",0.0103,0.725,373627,0.688,0.00386,0,0.0494,-5.233,1,0.0546,128.004,4,0.616
6HSqyfGnsHYw9MmIpa9zlZ,Forever,spotify:track:6HSqyfGnsHYw9MmIpa9zlZ,"Drake, Kanye West, Lil Wayne, Eminem, ",0.244,0.544,357347,0.92,0,5,0.19,-1.474,0,0.277,105.307,5,0.529
5eek2X5459T1HoYJk2CKXv,Last Resort,spotify:track:5eek2X5459T1HoYJk2CKXv,"Papa Roach, ",0.000504,0.581,199893,0.887,0.00111,4,0.268,-3.659,0,0.0624,90.578,4,0.726
5lByoyTJti3jYo22bLQKOH,Burnin,spotify:track:5lByoyTJti3jYo22bLQKOH,"Calvin Harris, R3hab, ",0.00205,0.643,234773,0.997,0.672,11,0.659,-1.656,1,0.0483,128.004,4,0.546
51hSi1p7g2KdXg7fJA1Hgp,The Drop,spotify:track:51hSi1p7g2KdXg7fJA1Hgp,"Bro Safari, ",0.105,0.689,229851,0.88,0.0283,0,0.447,-3.964,0,0.101,170.039,4,0.549
5dANgSy7v091dhiPnEXNrf,Put On,spotify:track:5dANgSy7v091dhiPnEXNrf,"Jeezy, Kanye West, ",0.0027,0.649,321293,0.785,0,9,0.0859,-6.031,0,0.0369,137.618,4,0.285
6ScJMrlpiLfZUGtWp4QIVt,A Milli,spotify:track:6ScJMrlpiLfZUGtWp4QIVt,"Lil Wayne, ",0.0527,0.679,221840,0.684,0.000895,6,0.177,-8.559,1,0.278,151.748,4,0.754
00QyLmjxaSEE8qIZQjBXBj,We Own It (Fast & Furious),spotify:track:00QyLmjxaSEE8qIZQjBXBj,"2 Chainz, Wiz Khalifa, ",0.0596,0.553,227893,0.897,0,8,0.0622,-4.569,0,0.409,172.01,4,0.543
3m6HMeFX6GIlGPMBcLEN6t,Grindin',spotify:track:3m6HMeFX6GIlGPMBcLEN6t,"NF, Marty, ",0.223,0.694,277293,0.732,0,1,0.0908,-6.816,1,0.141,109.983,4,0.305
3K4HG9evC7dg3N0R9cYqk4,One Step Closer,spotify:track:3K4HG9evC7dg3N0R9cYqk4,"Linkin Park, ",0.0014,0.492,157333,0.969,0.00000132,9,0.0787,-4.419,1,0.0491,95.136,4,0.534
4xkOaSrkexMciUUogZKVTS,'Till I Collapse,spotify:track:4xkOaSrkexMciUUogZKVTS,"Eminem, Nate Dogg, ",0.0757,0.572,297893,0.853,0,1,0.0798,-3.203,1,0.217,171.297,4,0.0995
7dyluIqv7QYVTXXZiMWPHW,Numb/Encore,spotify:track:7dyluIqv7QYVTXXZiMWPHW,"JAY Z, Linkin Park, ",0.0601,0.685,205280,0.803,0,2,0.546,-4.251,1,0.156,107.005,4,0.793
4ImIJRZNJhNQLLdUFSYJoS,Down With The Sickness,spotify:track:4ImIJRZNJhNQLLdUFSYJoS,"Disturbed, ",0.000319,0.649,278707,0.896,0.0000119,10,0.102,-2.704,0,0.056,90.009,4,0.92
2gZUPNdnz5Y45eiGxpHGSc,POWER,spotify:track:2gZUPNdnz5Y45eiGxpHGSc,"Kanye West, ",0.0178,0.538,292093,0.912,0,0,0.689,-4.684,0,0.129,154.042,4,0.58
5ghIJDpPoe3CfHMGu71E6T,Smells Like Teen Spirit,spotify:track:5ghIJDpPoe3CfHMGu71E6T,"Nirvana, ",0.0000286,0.516,301920,0.906,0.000101,1,0.105,-4.525,1,0.0658,116.775,4,0.725
7sjwaBQ6M3aVigYfBjm1sL,Ima Boss - feat. Rick Ross,spotify:track:7sjwaBQ6M3aVigYfBjm1sL,"Meek Mill, ",0.0415,0.37,250240,0.87,0,5,0.604,-2.09,1,0.271,79.092,4,0.334
1ozdRCYFVt8Ui0dba1520D,Notorious Thugs - feat. Bone Thugs and Harmony Explicit,spotify:track:1ozdRCYFVt8Ui0dba1520D,"The Notorious B.I.G., ",0.143,0.738,367227,0.782,0.0000064,11,0.176,-6.315,0,0.169,154.875,4,0.666
5NIPsWpDjJTFBoPxCUUeXp,Welcome To The Jungle,spotify:track:5NIPsWpDjJTFBoPxCUUeXp,"Guns N' Roses, ",0.0326,0.445,273600,0.955,0.284,8,0.317,-8.027,1,0.0856,123.343,4,0.342
31EdJlJr0myVrjSzv8hKG0,Tempo,spotify:track:31EdJlJr0myVrjSzv8hKG0,"KB, ",0.0882,0.758,240517,0.683,0,1,0.341,-6.012,1,0.0346,111.081,4,0.343
3DF17N6yAMclqZo0OszOjC,My Way,spotify:track:3DF17N6yAMclqZo0OszOjC,"Limp Bizkit, ",0.015,0.538,273133,0.872,0.00000321,6,0.685,-4.076,1,0.0509,96.836,4,0.593
6K4G5cDtvIdTAjwNSpylMB,Propaganda,spotify:track:6K4G5cDtvIdTAjwNSpylMB,"DJ Snake, ",0.00212,0.661,248373,0.934,0.366,1,0.514,-2.921,1,0.0913,150.084,4,0.268
3ORfa5ilEthp2U0TRcv7kv,Patiently Waiting,spotify:track:3ORfa5ilEthp2U0TRcv7kv,"50 Cent, Eminem, ",0.276,0.699,288880,0.688,0,10,0.359,-2.426,0,0.291,79.02,4,0.537
22Mme5vsZ688TMUieIHdx3,Wild for the Night,spotify:track:22Mme5vsZ688TMUieIHdx3,"A$AP Rocky, Skrillex, Birdy Nam Nam, Lord Flacko, ",0.0452,0.756,212640,0.857,0,2,0.121,-4.185,1,0.336,140.016,4,0.699
1hKdDCpiI9mqz1jVHRKG0E,Enter Sandman,spotify:track:1hKdDCpiI9mqz1jVHRKG0E,"Metallica, ",0.00206,0.579,331573,0.824,0.00903,6,0.059,-8.71,0,0.03,123.331,4,0.64
5Z01UMMf7V1o0MzF86s6WJ,Lose Yourself - Soundtrack Version,spotify:track:5Z01UMMf7V1o0MzF86s6WJ,"Eminem, ",0.00704,0.698,326467,0.732,0.000647,2,0.359,-4.522,1,0.266,171.431,4,0.0672
5hQfs9spSyXUavvPe7jmgn,Looking Down the Barrel of Today,spotify:track:5hQfs9spSyXUavvPe7jmgn,"Hatebreed, ",0.000651,0.487,161627,0.987,0.0506,1,0.284,-4.71,1,0.0812,180.065,4,0.473
158DIbrVt4YbqNnWyRCS3P,Hate Me Now,spotify:track:158DIbrVt4YbqNnWyRCS3P,"Nas, Diddy, ",0.00583,0.678,284000,0.77,0,9,0.109,-4.399,0,0.222,90,4,0.403
7a9QBLlQOunA6KvPcVDIMt,Look Alive - Remix,spotify:track:7a9QBLlQOunA6KvPcVDIMt,"Rae Sremmurd, Migos, ",0.0546,0.835,270280,0.591,0,4,0.359,-9.189,0,0.0694,119.99,4,0.167
2nBI3iWLhupR7LyAJ5GGkE,Champions,spotify:track:2nBI3iWLhupR7LyAJ5GGkE,"Kanye West, Gucci Mane, Big Sean, 2 Chainz, Travi$ Scott, Yo Gotti, Quavo, Desiigner, ",0.0661,0.695,334253,0.777,0,6,0.874,-2.452,0,0.0817,135.01,4,0.373
42GcjriRK6srwHkfbkBqVl,Blood On The Leaves,spotify:track:42GcjriRK6srwHkfbkBqVl,"Kanye West, ",0.385,0.415,359800,0.681,0,2,0.101,-4.104,0,0.189,171.893,4,0.372
3djNBlI7xOggg7pnsOLaNm,California Love - Original Mix (Explicit),spotify:track:3djNBlI7xOggg7pnsOLaNm,"2Pac, Roger, Dr. Dre, ",0.033,0.77,284480,0.832,0,7,0.41,-3.039,1,0.0451,91.513,4,0.758
0WeF2Avp91o78EiEfxHPrw,Flashlight - Original Mix,spotify:track:0WeF2Avp91o78EiEfxHPrw,"R3hab, Deorro, ",0.0128,0.705,232500,0.949,0.6,10,0.27,-3.575,1,0.0454,128.011,4,0.262
2d4e45fmUnguxh6yqC7gNT,Dirty Deeds Done Dirt Cheap,spotify:track:2d4e45fmUnguxh6yqC7gNT,"AC/DC, ",0.214,0.668,231933,0.906,0.00229,11,0.135,-4.881,0,0.17,135.653,4,0.504
7nYvUtkQMx1v80S2FH2s9J,Regulate,spotify:track:7nYvUtkQMx1v80S2FH2s9J,"Warren G, Nate Dogg, ",0.29,0.845,248867,0.51,0.00000239,11,0.114,-13.064,0,0.224,95.265,4,0.747
1wHZx0LgzFHyeIZkUydNXq,Antidote,spotify:track:1wHZx0LgzFHyeIZkUydNXq,"Travi$ Scott, ",0.00767,0.713,262693,0.526,0.000148,1,0.124,-5.046,1,0.032,131.05,4,0.133
7iaw359G2XT14uTfV9feip,Lockjaw,spotify:track:7iaw359G2XT14uTfV9feip,"French Montana, Kodak Black, ",0.0411,0.615,223147,0.648,0,5,0.277,-3.792,0,0.22,169.912,4,0.268
2r4DozzHauSjM6NJ7szgVC,Feel Invincible,spotify:track:2r4DozzHauSjM6NJ7szgVC,"Skillet, ",0.000523,0.594,229862,0.893,0,8,0.373,-3.792,1,0.0962,126.063,4,0.413
3PBC860LAeS4utDAqlqIe2,F*ckwithmeyouknowigotit,spotify:track:3PBC860LAeS4utDAqlqIe2,"JAY Z, Rick Ross, ",0.0184,0.812,243413,0.462,0.191,10,0.0674,-8.128,0,0.211,128.101,4,0.272
439TlnnznSiBbQbgXiBqAd,m.A.A.d city,spotify:track:439TlnnznSiBbQbgXiBqAd,"Kendrick Lamar, MC Eiht, ",0.0553,0.482,350120,0.72,0.00000207,2,0.461,-6.812,1,0.271,90.999,4,0.222
5I6YA7oHtraxwWQzzCugDt,You Be Killin Em,spotify:track:5I6YA7oHtraxwWQzzCugDt,"Fabolous, ",0.444,0.664,209693,0.909,0,6,0.525,-3.552,0,0.22,93.977,4,0.554
1vvNmPOiUuyCbgWmtc6yfm,My Way,spotify:track:1vvNmPOiUuyCbgWmtc6yfm,"Calvin Harris, ",0.0935,0.819,219160,0.913,0.0000372,4,0.161,-3.059,0,0.0427,119.989,4,0.523
66dMATdBD3yBL8RjoGVuxf,Perfect Illusion,spotify:track:66dMATdBD3yBL8RjoGVuxf,"Lady Gaga, ",0.00163,0.615,181507,0.854,0,1,0.358,-5.478,0,0.0388,124.992,4,0.672
0lYBSQXN6rCTvUZvg9S0lU,Let Me Love You,spotify:track:0lYBSQXN6rCTvUZvg9S0lU,"DJ Snake, Justin Bieber, ",0.0771,0.652,205947,0.713,0.0000102,8,0.144,-5.311,1,0.0368,100.023,4,0.147
23L5CiUhw2jV1OIMwthR3S,In the Name of Love,spotify:track:23L5CiUhw2jV1OIMwthR3S,"Martin Garrix, Bebe Rexha, ",0.109,0.501,195707,0.519,0,4,0.454,-5.88,0,0.0409,133.99,4,0.157
4nA0biSjtvOL41Hd9MBXqR,Ain't My Fault,spotify:track:4nA0biSjtvOL41Hd9MBXqR,"Zara Larsson, ",0.00778,0.576,224031,0.782,0,6,0.285,-4.825,0,0.0296,141.153,4,0.353
1mSlftOO1dlDRXAyOE0Sbd,Treat You Better,spotify:track:1mSlftOO1dlDRXAyOE0Sbd,"Shawn Mendes, ",0.128,0.448,187973,0.817,0,10,0.105,-4.069,0,0.386,83.015,4,0.718
72xvRETEsd5hS1RfduciRi,Let Me Hold You (Turn Me On),spotify:track:72xvRETEsd5hS1RfduciRi,"Cheat Codes, Dante Klein, ",0.0992,0.681,162425,0.774,0,1,0.35,-3.167,0,0.0787,102.924,4,0.289
3XIIOCu6B8PuGq5j61asEM,The Greatest,spotify:track:3XIIOCu6B8PuGq5j61asEM,"Sia, Kendrick Lamar, ",0.0109,0.666,210893,0.723,0.00047,1,0.0507,-6.164,1,0.268,192.024,4,0.731
217xrcrbBtgJhvlHicxTSH,Say It (feat. Tove Lo),spotify:track:217xrcrbBtgJhvlHicxTSH,"Flume, Tove Lo, ",0.0668,0.598,262521,0.532,0.00000322,3,0.0617,-6.833,0,0.0295,74.963,4,0.275
7kJlTKjNZVT26iwiDUVhRm,Blow Your Mind (Mwah),spotify:track:7kJlTKjNZVT26iwiDUVhRm,"Dua Lipa, ",0.0188,0.654,178583,0.796,0,2,0.0948,-4.761,0,0.122,108.854,4,0.505
6s3GEN8wK0OMzzzZbXj0fu,Hymn For The Weekend - Seeb Remix,spotify:track:6s3GEN8wK0OMzzzZbXj0fu,"Coldplay, Seeb, ",0.00868,0.565,212647,0.849,0.00000468,0,0.12,-3.516,0,0.0517,102.034,4,0.43
0OwX5aROoW1Iip8FV51Efg,Alarm,spotify:track:0OwX5aROoW1Iip8FV51Efg,"Anne-Marie, ",0.0812,0.756,205593,0.589,0,0,0.176,-5.093,1,0.232,146.928,4,0.817
7zsXy7vlHdItvUSH8EwQss,Cold Water,spotify:track:7zsXy7vlHdItvUSH8EwQss,"Major Lazer, Justin Bieber, MØ, ",0.055,0.602,185360,0.797,0,6,0.187,-5.084,0,0.0534,92.928,4,0.487
3GBlLqIYgB8zWaeWDNJzdh,Capsize,spotify:track:3GBlLqIYgB8zWaeWDNJzdh,"FRENSHIP, Emily Warren, ",0.042,0.681,237760,0.708,0.14,5,0.682,-6.019,0,0.0304,92.993,4,0.359
4qqArAiTPueDxIp7cf87h7,Final Song,spotify:track:4qqArAiTPueDxIp7cf87h7,"MØ, ",0.014,0.695,235827,0.672,0.0000844,1,0.0756,-6.109,0,0.0345,104.988,4,0.272
4Ce37cRWvM1vIGGynKcs22,Starving,spotify:track:4Ce37cRWvM1vIGGynKcs22,"Hailee Steinfeld, Grey, Zedd, ",0.39,0.712,181880,0.62,0,4,0.0994,-4.187,1,0.0888,99.953,4,0.519
1qnveWkOeefToJrPGWRlDg,Summer Heat - Radio Mix,spotify:track:1qnveWkOeefToJrPGWRlDg,"Solidisco, ",0.00552,0.735,174146,0.664,0,0,0.0755,-5.297,0,0.0331,122.888,4,0.591
7BKLCZ1jbUBVqRi2FVlTVw,Closer,spotify:track:7BKLCZ1jbUBVqRi2FVlTVw,"The Chainsmokers, Halsey, ",0.414,0.748,244960,0.524,0,8,0.111,-5.599,1,0.0338,95.01,4,0.635
52wTKeWYVIAtSESw0haRB1,LUV,spotify:track:52wTKeWYVIAtSESw0haRB1,"Tory Lanez, ",0.0121,0.524,228027,0.505,0.00000128,11,0.225,-8.256,0,0.275,189.978,4,0.3
0ckCyt1ghA2YpcLRm1q68s,In My Mind,spotify:track:0ckCyt1ghA2YpcLRm1q68s,"Maty Noyes, ",0.461,0.764,212027,0.631,0,0,0.0413,-3.814,0,0.0251,102.074,4,0.769
0azC730Exh71aQlOt9Zj3y,This Is What You Came For,spotify:track:0azC730Exh71aQlOt9Zj3y,"Calvin Harris, Rihanna, ",0.199,0.63,222160,0.928,0.124,9,0.148,-2.787,0,0.0331,123.963,4,0.46
5GQBDz6S6KuurT5GXFtfiV,Come First,spotify:track:5GQBDz6S6KuurT5GXFtfiV,"Terror Jr, ",0.123,0.749,171789,0.198,0.000451,5,0.0866,-11.747,1,0.323,95.084,4,0.366
6vJ0Fezf6Etha2C4H21FKO,Cool Girl,spotify:track:6vJ0Fezf6Etha2C4H21FKO,"Tove Lo, ",0.351,0.667,197816,0.72,0.00000426,9,0.138,-7.026,0,0.11,101.964,4,0.249
1Te8WIfLudxjHTr66BL0JK,Perfect Strangers,spotify:track:1Te8WIfLudxjHTr66BL0JK,"Jonas Blue, JP Cooper, ",0.375,0.738,196613,0.812,0,1,0.276,-5.29,1,0.0495,118.004,4,0.684
1i1fxkWeaMmKEB4T7zqbzK,Don't Let Me Down,spotify:track:1i1fxkWeaMmKEB4T7zqbzK,"The Chainsmokers, Daya, ",0.157,0.532,208373,0.869,0.00508,11,0.136,-5.094,1,0.172,159.803,4,0.419
4nMlau89VAjmV7agkl7OY3,Fresh Eyes,spotify:track:4nMlau89VAjmV7agkl7OY3,"Andy Grammer, ",0.562,0.822,198001,0.544,0.000024,0,0.144,-6.797,1,0.0332,122.047,4,0.865
7fJtPlEZKxu6gvkfBFc5tW,Too Good,spotify:track:7fJtPlEZKxu6gvkfBFc5tW,"Drake, Rihanna, ",0.0606,0.804,263373,0.65,0.0000705,7,0.102,-7.79,1,0.118,117.984,4,0.391
4Z1t1aMRif8ES212kTN8H2,Whole Heart,spotify:track:4Z1t1aMRif8ES212kTN8H2,"Gryffin, Bipolar Sunshine, ",0.0427,0.5,225200,0.677,0.0000132,9,0.171,-7.237,1,0.0869,163.951,4,0.208
4uNDs2TBsv2KX9b4LIxfdt,Aloha,spotify:track:4uNDs2TBsv2KX9b4LIxfdt,"Møme, Merryn Jeann, ",0.205,0.564,218400,0.709,0.0000834,10,0.12,-5.955,0,0.147,100.095,4,0.444
5jJnlACnwFvyqNXmUZu8Nd,False Alarm,spotify:track:5jJnlACnwFvyqNXmUZu8Nd,"Matoma, Becky Hill, ",0.00681,0.643,224272,0.732,0.0000457,5,0.0606,-6.762,0,0.0294,102.979,4,0.182
1pKeFVVUOPjFsOABub0OaV,Side To Side,spotify:track:1pKeFVVUOPjFsOABub0OaV,"Ariana Grande, Nicki Minaj, ",0.0373,0.65,226160,0.728,0,6,0.328,-5.914,0,0.232,159.167,4,0.624
2CPqh63wRVscbceKcPxwvv,The Ocean,spotify:track:2CPqh63wRVscbceKcPxwvv,"Mike Perry, Shy Martin, ",0.0225,0.632,183414,0.575,0.00000181,5,0.104,-6.478,1,0.029,90.037,4,0.229
7xrA11O07xo57Bbg6p4hck,Body Say,spotify:track:7xrA11O07xo57Bbg6p4hck,"Demi Lovato, ",0.00589,0.63,193893,0.74,0.00000153,5,0.248,-4.786,0,0.0381,87.01,4,0.274
0prNGof3XqfTvNDxHonvdK,Scars To Your Beautiful,spotify:track:0prNGof3XqfTvNDxHonvdK,"Alessia Cara, ",0.0294,0.591,230227,0.741,0,0,0.11,-5.751,1,0.139,97.048,4,0.439
4Tid4MwqgR1CfKCun3tFon,Kings of Summer (feat. Quinn XCII) - Single Version,spotify:track:4Tid4MwqgR1CfKCun3tFon,"ayokay, Quinn XCII, ",0.222,0.734,207881,0.661,0.00000218,11,0.201,-6.705,1,0.0356,134.93,4,0.258
3YlrH4ydAKkxuej6F4Nnkl,This Girl (Kungs Vs. Cookin' On 3 Burners),spotify:track:3YlrH4ydAKkxuej6F4Nnkl,"Kungs, Cookin' On 3 Burners, ",0.0865,0.786,195561,0.69,0.0000903,3,0.238,-4.665,1,0.04,122.006,4,0.477
5t5e19EoXJGGt3l6XNnRgx,Invitation (feat. Yade Lauren),spotify:track:5t5e19EoXJGGt3l6XNnRgx,"Yellow Claw, Yade Lauren, ",0.0978,0.598,152461,0.842,0.0000767,5,0.644,-5.612,0,0.0815,103.921,4,0.585
2meEiZKWkiN28gITzFwQo5,Into You,spotify:track:2meEiZKWkiN28gITzFwQo5,"Ariana Grande, ",0.0153,0.636,244453,0.728,0.00000146,9,0.154,-5.871,1,0.0999,107.986,4,0.384
4KH2V5CGcMeWFI7AciTmbZ,Kids,spotify:track:4KH2V5CGcMeWFI7AciTmbZ,"OneRepublic, ",0.0144,0.599,240147,0.733,0,2,0.347,-6.072,1,0.0415,100,4,0.215
69bDRy5MeWQl1lNeEJQIBE,The Half,spotify:track:69bDRy5MeWQl1lNeEJQIBE,"DJ Snake, Jeremih, Young Thug, Swizz Beatz, ",0.0113,0.705,217373,0.705,0,11,0.643,-3.393,1,0.12,170.031,4,0.431
5Y1ubF8BzG4x3Jbmu8W48i,F*** Apologies. (feat. Wiz Khalifa),spotify:track:5Y1ubF8BzG4x3Jbmu8W48i,"JoJo, Wiz Khalifa, ",0.0288,0.726,195413,0.59,0,0,0.166,-6.805,1,0.135,95.857,4,0.386
12mGwph2YzDIlChtq3EdXP,Alone,spotify:track:12mGwph2YzDIlChtq3EdXP,"Marshmello, ",0.0244,0.636,273803,0.953,0.0164,2,0.108,-3.74,1,0.0353,142.011,4,0.397
2bvJM2iIdMlWEG9lk8dxxw,Something Wrong,spotify:track:2bvJM2iIdMlWEG9lk8dxxw,"Timeflies, ",0.0441,0.712,234988,0.775,0,7,0.185,-5.452,0,0.298,94.928,4,0.514
4QPDhJZOme7hpreUuOSLWE,Be As You Are - JordanXL Remix,spotify:track:4QPDhJZOme7hpreUuOSLWE,"Mike Posner, ",0.0608,0.664,203533,0.692,0,2,0.216,-5.49,1,0.0495,169.906,4,0.225
5FoYSQF0IaVwS6M9mlk6C4,Nervous - The Ooh Song: Mark McCabe Remix,spotify:track:5FoYSQF0IaVwS6M9mlk6C4,"Gavin James, Mark McCabe, ",0.0732,0.432,195195,0.874,0.00000614,7,0.371,-5.558,1,0.0462,103.85,4,0.34
1Vr0QupON4oPqAc2yqnfjF,WILD - Young Bombs Remix,spotify:track:1Vr0QupON4oPqAc2yqnfjF,"Troye Sivan, Alessia Cara, Young Bombs, ",0.0681,0.522,202778,0.834,0,10,0.126,-2.752,1,0.0347,100.005,4,0.336
3WG7UMFxPC9MWbxhJIv4lN,Burn Brighter,spotify:track:3WG7UMFxPC9MWbxhJIv4lN,"Pavlova, ",0.0292,0.736,212667,0.806,0.00237,8,0.485,-4.714,0,0.147,127.984,4,0.422
1oHCgpheYhmhQbhCmbhpWn,Mercy,spotify:track:1oHCgpheYhmhQbhCmbhpWn,"Shawn Mendes, ",0.131,0.409,208733,0.686,0,11,0.11,-4.893,0,0.177,147.929,4,0.367
0qy5D3OJre7SPJNMOL9I71,Broccoli,spotify:track:0qy5D3OJre7SPJNMOL9I71,"D.R.A.M., Lil Yachty, ",0.236,0.886,225205,0.525,0,8,0.057,-7.39,1,0.132,145.99,4,0.711
5tEpnGqXId2Tb4f5gDOoTc,Can't Hide,spotify:track:5tEpnGqXId2Tb4f5gDOoTc,"Whethan, Ashe, ",0.0429,0.61,184000,0.69,0.0000676,2,0.166,-2.656,0,0.091,179.944,4,0.337
6giHzoNmL0kwyBZAXGIIc2,Miss You,spotify:track:6giHzoNmL0kwyBZAXGIIc2,"James Hersey, ",0.0929,0.871,206099,0.595,0.00422,5,0.107,-7.618,0,0.0552,120.011,4,0.628
2poiceiOgHN4oH0fKwvwNY,LIFTED,spotify:track:2poiceiOgHN4oH0fKwvwNY,"CL, ",0.00162,0.372,175465,0.675,0,0,0.173,-4.496,1,0.191,181.164,4,0.285
0mM39ptTtRKkeSfwsFKFxt,Bikini Body,spotify:track:0mM39ptTtRKkeSfwsFKFxt,"Dawin, R. City, ",0.0487,0.822,227240,0.782,0,11,0.0465,-4.962,1,0.0448,99.053,4,0.79
4XuK9jJP3mpYBq5qf68vfF,Arigato,spotify:track:4XuK9jJP3mpYBq5qf68vfF,"Julie Bergan, ",0.00399,0.403,173161,0.551,0.0000124,11,0.528,-5.615,0,0.0611,75.704,4,0.304
3MXDEDLmQPSQvoyJIYbIp3,Higher,spotify:track:3MXDEDLmQPSQvoyJIYbIp3,"Carly Rae Jepsen, ",0.00834,0.648,234413,0.88,0.000199,1,0.376,-4.555,0,0.0584,113.956,4,0.42
3NpncOG0HgkKbMAF8DTCma,Broken,spotify:track:3NpncOG0HgkKbMAF8DTCma,"Tritonal, Jenaux, Adam Lambert, ",0.00836,0.591,207273,0.652,0.0000015,7,0.222,-7.347,1,0.0339,110.006,4,0.224
2M71Inc9camxaIGtmQ6I87,"All of Me (feat. Logic, ROZES)",spotify:track:2M71Inc9camxaIGtmQ6I87,"Big Gigantic, Logic, ROZES, ",0.00189,0.628,228169,0.877,0,10,0.228,-3.016,0,0.041,142.034,4,0.205
1w59KTZidiW3NN0FA7xVGZ,Be Like You,spotify:track:1w59KTZidiW3NN0FA7xVGZ,"CVBZ, ",0.09,0.519,179792,0.886,0,5,0.16,-2.167,1,0.244,94.829,4,0.406
1gwwNLcYQRnzvkBhwDjUX3,Crazy Love,spotify:track:1gwwNLcYQRnzvkBhwDjUX3,"Audien, Deb’s Daughter, ",0.288,0.689,174545,0.881,0.0000169,11,0.0746,-1.448,0,0.0545,109.991,4,0.535
7loXv8g9YbDzxfAFENqTdr,1st Day Out Tha Feds,spotify:track:7loXv8g9YbDzxfAFENqTdr,"Gucci Mane, ",0.00422,0.849,184387,0.446,0.0000855,4,0.109,-8.01,1,0.0534,138.01,4,0.615
275a9yzwGB6ncAW4SxY7q3,Panda,spotify:track:275a9yzwGB6ncAW4SxY7q3,"Desiigner, ",0.0235,0.72,247867,0.748,0,10,0.369,-5.522,0,0.393,145.22,4,0.245
12VWzyPDBCc8fqeWCAfNwR,One Dance,spotify:track:12VWzyPDBCc8fqeWCAfNwR,"Drake, Wiz Kid, Kyla, ",0.00902,0.785,173987,0.617,0.00246,1,0.351,-5.871,1,0.0522,103.981,4,0.378
26s6GvXbqzScD91ZWfXpEv,All The Above [feat. T-Pain],spotify:track:26s6GvXbqzScD91ZWfXpEv,"Maino, T-Pain, ",0.0704,0.389,319692,0.863,0,8,0.208,-4.341,1,0.166,149.144,4,0.342
6HfOzLLjsaXsehIFEsrxTk,Trophies,spotify:track:6HfOzLLjsaXsehIFEsrxTk,"Young Money, Drake, ",0.158,0.741,188320,0.699,0,1,0.137,-7.467,1,0.441,143.936,4,0.248
7vwkKw2Xd7Pks1X712Au0T,Remember The Name (feat. Styles Of Beyond),spotify:track:7vwkKw2Xd7Pks1X712Au0T,"Fort Minor, Styles Of Beyond, ",0.0583,0.688,230493,0.835,0.00000287,8,0.0795,-4.162,1,0.0911,84.858,4,0.879
4jtyUzZm9WLc2AdaJ1dso7,0 To 100 / The Catch Up,spotify:track:4jtyUzZm9WLc2AdaJ1dso7,"Drake, ",0.763,0.707,275227,0.709,0,11,0.274,-3.979,0,0.34,89.094,4,0.497
6uP0XLqjRqFx8HAfesdcAg,X Gon' Give It To Ya,spotify:track:6uP0XLqjRqFx8HAfesdcAg,"DMX, ",0.0295,0.501,219253,0.851,0,10,0.0775,-5.111,0,0.292,95.058,4,0.641
7xq3uN2toVZ8IbNzfTucyJ,Calm Down,spotify:track:7xq3uN2toVZ8IbNzfTucyJ,"G-Eazy, ",0.000175,0.537,127427,0.624,0.0000022,11,0.116,-8.794,1,0.325,102.315,4,0.4
2Zb7wnGUnNPCas2E0wWSQ5,Ni**as In Paris,spotify:track:2Zb7wnGUnNPCas2E0wWSQ5,"JAY Z, Kanye West, ",0.135,0.786,219333,0.868,0,1,0.218,-5.503,1,0.3,140.024,4,0.785
0svl7cK07gK1ia5ainczU5,Break Ya Neck,spotify:track:0svl7cK07gK1ia5ainczU5,"Busta Rhymes, ",0.443,0.82,231240,0.809,0.00175,4,0.0613,-6.759,0,0.251,83.011,4,0.732
7u6aTzXw1JtiK5sr7XctFs,Bring Em Out,spotify:track:7u6aTzXw1JtiK5sr7XctFs,"T.I., ",0.0298,0.759,216707,0.891,0,11,0.141,-2.983,1,0.257,98.579,4,0.578
2UpE67vxExuI88pqqUqqki,New Level,spotify:track:2UpE67vxExuI88pqqUqqki,"A$AP Ferg, Future, ",0.0344,0.738,264973,0.704,0,1,0.162,-1.69,0,0.131,121.059,4,0.151
1b7x1A14lkK1XvjzIgChTV,Guwop Home (feat. Young Thug),spotify:track:1b7x1A14lkK1XvjzIgChTV,"Gucci Mane, Young Thug, ",0.219,0.851,222360,0.536,0,1,0.127,-5.026,1,0.0657,130.005,4,0.186
5lFDtgWsjRJu8fPOAyJIAK,Back To Back,spotify:track:5lFDtgWsjRJu8fPOAyJIAK,"Drake, ",0.00898,0.635,170638,0.472,0,8,0.117,-3.869,0,0.511,174.008,4,0.368
4IowQDUOzUvNtp72HMDcKO,Love Sosa,spotify:track:4IowQDUOzUvNtp72HMDcKO,"Chief Keef, ",0.0281,0.77,246213,0.421,0,0,0.111,-8.255,0,0.0849,131.935,4,0.21
5MD2QLnFM2ChpKAh33z0zr,Hercules,spotify:track:5MD2QLnFM2ChpKAh33z0zr,"Young Thug, ",0.0324,0.742,280831,0.559,0,5,0.0987,-5.876,1,0.141,146.923,4,0.429
4RY96Asd9IefaL3X4LOLZ8,In Da Club,spotify:track:4RY96Asd9IefaL3X4LOLZ8,"50 Cent, ",0.283,0.865,193467,0.73,0,6,0.0753,-2.813,0,0.373,90.096,4,0.817
03tqyYWC9Um2ZqU0ZN849H,No Hands [feat. Roscoe Dash and Wale],spotify:track:03tqyYWC9Um2ZqU0ZN849H,"Waka Flocka Flame, ",0.0052,0.757,262533,0.598,0,1,0.149,-6.178,1,0.0397,131.507,4,0.341
1LxKKYsJNPeBdOwdudsJzv,Down In the DM,spotify:track:1LxKKYsJNPeBdOwdudsJzv,"Yo Gotti, ",0.00157,0.776,182733,0.662,0.000021,1,0.0887,-7.016,0,0.0489,152.927,4,0.329
0z5ZPs57J2KERwM1tBM2GF,6 Foot 7 Foot,spotify:track:0z5ZPs57J2KERwM1tBM2GF,"Lil Wayne, Cory Gunz, ",0.000683,0.377,248587,0.738,0,2,0.319,-5.32,1,0.311,80.846,4,0.59
7EiZI6JVHllARrX9PUvAdX,Low Life,spotify:track:7EiZI6JVHllARrX9PUvAdX,"Future, The Weeknd, ",0.337,0.722,313547,0.331,0.283,8,0.146,-7.789,1,0.0725,143.974,4,0.102
27PmvZoffODNFW2p7ehZTQ,Don't Mind,spotify:track:27PmvZoffODNFW2p7ehZTQ,"Kent Jones, ",0.0235,0.464,198237,0.771,0,8,0.063,-4.503,1,0.336,158.777,4,0.678
33xkluXIA6S1V50MMrhESR,Make It Rain,spotify:track:33xkluXIA6S1V50MMrhESR,"Fat Joe, Lil Wayne, ",0.0106,0.744,247413,0.697,0,11,0.0842,-5.063,0,0.197,149.28,4,0.759
5bh0ZC4XO0VJuH0NPGkqlH,Put On,spotify:track:5bh0ZC4XO0VJuH0NPGkqlH,"Jeezy, Kanye West, ",0.00342,0.653,321293,0.77,0,9,0.0887,-6.091,0,0.0353,137.616,4,0.267
2n5gVJ9fzeX2SSWlLQuyS9,Fight Night,spotify:track:2n5gVJ9fzeX2SSWlLQuyS9,"Migos, ",0.182,0.874,216248,0.706,0,1,0.334,-5.132,1,0.207,89.968,4,0.895
61QSuw5VlC0LTS8WMO356g,All The Way Up,spotify:track:61QSuw5VlC0LTS8WMO356g,"Fat Joe, Remy Ma, French Montana, InfaRed, ",0.062,0.536,191942,0.721,0,10,0.824,-6.44,0,0.386,117.139,5,0.388
55fA0W0L1GqJRfZ7HLrf6O,Ain't No Time,spotify:track:55fA0W0L1GqJRfZ7HLrf6O,"Future, ",0.00941,0.842,202804,0.587,0.000337,7,0.111,-6.677,0,0.069,145.016,4,0.135
6HMHgBHdLBQ0QYIaOp2gse,I Don't Get Tired (#IDGT) [feat. August Alsina],spotify:track:6HMHgBHdLBQ0QYIaOp2gse,"Kevin Gates, ",0.0524,0.492,209707,0.698,0,1,0.428,-5.606,1,0.171,139.953,4,0.275
0uFvvXbmGIXlf5ZgtHyYpf,Bugatti,spotify:track:0uFvvXbmGIXlf5ZgtHyYpf,"Ace Hood, Future, Rick Ross, ",0.0168,0.607,269267,0.589,0,1,0.0855,-4.929,1,0.0542,130.431,4,0.0674
1xQv4unOladJFtLUOy2eb7,In My Room (feat. Ty Dolla $ign & Tyga),spotify:track:1xQv4unOladJFtLUOy2eb7,"Yellow Claw, DJ Mustard, Ty Dolla $ign, Tyga, ",0.00193,0.745,168641,0.869,0,6,0.0799,-4.375,1,0.0444,104.015,4,0.799
3XQY8kDjI8LARMIC9xkxQk,Hard In Da Paint,spotify:track:3XQY8kDjI8LARMIC9xkxQk,"Waka Flocka Flame, ",0.198,0.611,246387,0.66,0,11,0.365,-5.883,1,0.0839,71.544,4,0.589
7eW9cHOAHmYqphs5tWXETw,Clique,spotify:track:7eW9cHOAHmYqphs5tWXETw,"Kanye West, JAY Z, Big Sean, ",0.0601,0.71,293613,0.555,0,9,0.227,-5.942,0,0.295,109.204,5,0.315
07oiSjg6TiehyOS3pRJo0l,I Like Tuh,spotify:track:07oiSjg6TiehyOS3pRJo0l,"Carnage, ILoveMakonnen, ",0.337,0.598,187561,0.564,0,1,0.379,-3.89,0,0.0684,174.909,4,0.568
2kfpH2OAAdpk5J3JaraAIh,Hands On The Wheel,spotify:track:2kfpH2OAAdpk5J3JaraAIh,"ScHoolboy Q, A$AP Rocky, ",0.0169,0.648,197800,0.862,0,1,0.0937,-4.527,0,0.0777,127.857,4,0.176
7jslhIiELQkgW9IHeYNOWE,Big Rings,spotify:track:7jslhIiELQkgW9IHeYNOWE,"Drake, Future, ",0.00157,0.79,217707,0.676,0,8,0.25,-6.432,0,0.271,132.002,4,0.314
59PL9AwYjIrIpP04n9gmMR,Ride Out,spotify:track:59PL9AwYjIrIpP04n9gmMR,"Kid Ink, Tyga, Wale, YG, Rich Homie Quan, ",0.0469,0.696,211909,0.801,0,5,0.502,-5.641,0,0.0952,93.003,4,0.528
6eBrlbv2HMYcldwjoMWIrC,Pipe It Up,spotify:track:6eBrlbv2HMYcldwjoMWIrC,"Migos, ",0.181,0.92,206267,0.731,0,4,0.121,-4.996,0,0.274,132.086,4,0.466
4qikXelSRKvoCqFcHLB2H2,Mercy,spotify:track:4qikXelSRKvoCqFcHLB2H2,"Kanye West, Big Sean, Pusha T, 2 Chainz, ",0.0855,0.737,332453,0.545,0.0000932,6,0.153,-8.536,0,0.362,140.086,4,0.438
0wdKiSBUT7aZkXUIdJWcwC,2 Phones,spotify:track:0wdKiSBUT7aZkXUIdJWcwC,"Kevin Gates, ",0.157,0.895,240000,0.681,0,7,0.189,-5.267,0,0.358,121.918,4,0.547
62vpWI1CHwFy7tMIcSStl8,No Role Modelz,spotify:track:62vpWI1CHwFy7tMIcSStl8,"J. Cole, ",0.302,0.696,292987,0.521,0,10,0.0565,-8.465,0,0.332,100,4,0.471
6rUcS9i07F6okIe8wujs5J,Lemonade,spotify:track:6rUcS9i07F6okIe8wujs5J,"Gucci Mane, ",0.643,0.741,246013,0.658,0.00000343,7,0.307,-7.758,1,0.0853,142.057,4,0.742
7ezdJlanRMlE429QOud5x5,Go Get It,spotify:track:7ezdJlanRMlE429QOud5x5,"T.I., ",0.00159,0.385,217178,0.649,0,0,0.336,-5.999,1,0.27,78.091,4,0.494
2IuWB214OCchhPrBK8OtIR,Bank Rolls - Remix,spotify:track:2IuWB214OCchhPrBK8OtIR,"Tate Kobang, ",0.249,0.773,184516,0.661,0,0,0.0944,-5.988,0,0.359,185.931,4,0.826
16qYlQ6koFxYVbiJbGHblz,G.O.M.D.,spotify:track:16qYlQ6koFxYVbiJbGHblz,"J. Cole, ",0.331,0.889,301133,0.393,0.00000867,4,0.283,-10.821,0,0.267,128.065,4,0.31
5nN8BwAQDJDguq7Dpd3JQQ,Where Ya At,spotify:track:5nN8BwAQDJDguq7Dpd3JQQ,"Future, Drake, ",0.0933,0.813,208027,0.453,0,1,0.14,-6.941,1,0.338,161.997,4,0.186
27GmP9AWRs744SzKcpJsTZ,Jumpman,spotify:track:27GmP9AWRs744SzKcpJsTZ,"Drake, Future, ",0.0565,0.853,205879,0.547,0,1,0.341,-7.535,1,0.194,142.065,4,0.677
0cWmYmQ7OjAKiNnH7qtLKk,King Sh*t,spotify:track:0cWmYmQ7OjAKiNnH7qtLKk,"Yo Gotti, T.I., ",0.0103,0.878,211187,0.741,0.000148,11,0.104,-3.908,1,0.219,156.008,4,0.643
7zBQRGpYImAdIZc97FNj3V,Shell Shocked (feat. Kill The Noise & Madsonik) - From "Teenage Mutant Ninja Turtles",spotify:track:7zBQRGpYImAdIZc97FNj3V,"Juicy J, Wiz Khalifa, Ty Dolla $ign, Madsonik, Kill The Noise, ",0.0111,0.596,206567,0.815,0,6,0.174,-5.668,0,0.0755,165.015,4,0.436
1XvHiCTd0MDb16S8bQNl74,All Of The Lights,spotify:track:1XvHiCTd0MDb16S8bQNl74,"Kanye West, ",0.0909,0.546,299613,0.796,0.0000273,1,0.19,-3.263,1,0.0639,142.123,4,0.249
7KLZZq0t3jS6bcP64rCbwg,Ballin Out,spotify:track:7KLZZq0t3jS6bcP64rCbwg,"French Montana, Jeremih, Diddy, ",0.0591,0.566,265347,0.74,0,8,0.0844,-3.967,1,0.144,75.966,4,0.445
4c7mwtU8HGuLUVqRX5HU7F,F**kin' Problems,spotify:track:4c7mwtU8HGuLUVqRX5HU7F,"A$AP Rocky, Drake, 2 Chainz, Kendrick Lamar, ",0.0173,0.854,237187,0.703,0.0000024,1,0.109,-7.127,1,0.285,95.957,4,0.691
3U9yv46nVSn3PkLsVcNIcA,Who Gon Stop Me,spotify:track:3U9yv46nVSn3PkLsVcNIcA,"JAY Z, Kanye West, ",0.0435,0.602,256707,0.731,0.000293,0,0.599,-4.478,0,0.205,133.855,4,0.38
2eDx6jvLkVuaj48RwF6FOB,Bad Ass,spotify:track:2eDx6jvLkVuaj48RwF6FOB,"Kid Ink, Meek Mill, Wale, ",0.179,0.648,297973,0.92,0,8,0.0661,-2.618,1,0.11,139.971,4,0.951
0r9fi2sGPKFSCGIKKGrXzM,Don't Like.1,spotify:track:0r9fi2sGPKFSCGIKKGrXzM,"Kanye West, Chief Keef, Pusha T, Big Sean, Jadakiss, ",0.0152,0.663,283747,0.649,0,6,0.182,-5.176,0,0.192,132.119,4,0.628
1ce3DvvGQn6hY2LMGMLCr5,Black Skinhead,spotify:track:1ce3DvvGQn6hY2LMGMLCr5,"Kanye West, ",0.000986,0.578,188013,0.825,0,1,0.176,-6.107,1,0.322,130.089,4,0.294
3CqVYchL88Qgtvpa1N24Aa,Jungle - Remix,spotify:track:3CqVYchL88Qgtvpa1N24Aa,"X Ambassadors, Jamie N Commons, JAY Z, ",0.00487,0.464,207613,0.785,0.0000105,11,0.29,-4.034,0,0.244,78.185,4,0.256
4ueRxd0tx3rWqm92hgNS1R,Red Nation,spotify:track:4ueRxd0tx3rWqm92hgNS1R,"The Game, Lil Wayne, ",0.0938,0.412,230013,0.885,0,2,0.368,-3.186,1,0.355,175.932,4,0.293
1YiVaUok5NklFW7CCvA3T6,Ray Ban Vision ft. Cyhi Da Prynce,spotify:track:1YiVaUok5NklFW7CCvA3T6,"A-Trak, Cyhi Da Prynce, ",0.0216,0.75,215786,0.856,0,7,0.105,-4.668,1,0.0624,162.166,4,0.779
3e21cX0CVwzkQXiHz7WUQZ,Drop The World,spotify:track:3e21cX0CVwzkQXiHz7WUQZ,"Lil Wayne, Eminem, ",0.0763,0.505,229227,0.9,0,1,0.202,-1.578,1,0.392,145.042,4,0.375
3RKblQNJs8HPvWBgXmq6nn,Send It Up,spotify:track:3RKblQNJs8HPvWBgXmq6nn,"Kanye West, ",0.3,0.698,178040,0.547,0.0000634,9,0.328,-5.21,1,0.33,93.003,4,0.422
662g7QCw7JFvwEGHQ05y7J,Just What I Am,spotify:track:662g7QCw7JFvwEGHQ05y7J,"Kid Cudi, King Chip, ",0.00331,0.651,228787,0.911,0,1,0.372,-3.583,1,0.0998,140.007,4,0.55
4pbLOnGQHyobxBM6uB4rvA,Street Knock,spotify:track:4pbLOnGQHyobxBM6uB4rvA,"Swizz Beatz & A$Ap Rocky, ",0.0478,0.586,237323,0.594,0,1,0.0946,-6.421,0,0.335,110.347,5,0.209
2c5Isyd07hWsl7AQia2Dig,Fast Lane,spotify:track:2c5Isyd07hWsl7AQia2Dig,"Bad Meets Evil, ",0.0464,0.637,249560,0.861,0,1,0.247,-3.781,1,0.325,173.838,4,0.378
1fLibtVj3MrNTwRZq5yUOs,Let's Go (feat. Big D & Twista),spotify:track:1fLibtVj3MrNTwRZq5yUOs,"Trick Daddy, Twista, Big D, ",0.0267,0.748,222200,0.767,0,11,0.334,-7.806,0,0.172,133.929,4,0.527
63ZKUKbwb6Zozlk8LJCiPB,We Still In This Bitch (feat. T.I. and Juicy J),spotify:track:63ZKUKbwb6Zozlk8LJCiPB,"B.o.B, Juicy J, T.I., ",0.0131,0.691,247494,0.793,0,1,0.112,-3.506,1,0.131,140.011,4,0.433
4kNvYhyl8R6m1vykVkcuBu,All Me,spotify:track:4kNvYhyl8R6m1vykVkcuBu,"Drake, 2 Chainz, Big Sean, ",0.0704,0.667,270867,0.506,0,1,0.257,-6.944,1,0.394,122.012,4,0.41
7dvd3b2oz7AFgXrPBIIYxR,Dirt Off Your Shoulder/Lying From You,spotify:track:7dvd3b2oz7AFgXrPBIIYxR,"JAY Z, Linkin Park, ",0.0104,0.557,244693,0.905,0,11,0.111,-4.506,1,0.267,160.013,4,0.813
0Bpkq4z0VfjkO7kUME8gks,Forever,spotify:track:0Bpkq4z0VfjkO7kUME8gks,"Drake, Kanye West, Lil Wayne, Eminem, ",0.248,0.459,357920,0.925,0,5,0.174,-1.327,0,0.35,104.855,5,0.551
36UhpBVXyKAf6BHLjp9y3K,Paper Route,spotify:track:36UhpBVXyKAf6BHLjp9y3K,"B.o.B, ",0.143,0.649,212173,0.846,0,0,0.177,-5.138,0,0.245,172.159,4,0.536
0j5X6DrzkgY64Mm8NQp5mi,Lose Yourself - Soundtrack Version,spotify:track:0j5X6DrzkgY64Mm8NQp5mi,"Eminem, ",0.00984,0.69,326640,0.747,0.000685,2,0.355,-4.583,1,0.264,171.367,4,0.0682
3RNO0eF8COsuFGQFdjJF13,Bugatti,spotify:track:3RNO0eF8COsuFGQFdjJF13,"Ace Hood, Wiz Khalifa, T.I., Meek Mill, French Montana, 2 Chainz, Future, DJ Khaled, Birdman, ",0.0837,0.682,325280,0.658,0,1,0.547,-4.719,1,0.177,130.973,4,0.301
6ZUGfLut3iSswZrsyeZ9my,"We In This Bitch feat. Young Jeezy, T.I., Ludacris, and Future",spotify:track:6ZUGfLut3iSswZrsyeZ9my,"DJ Drama, Jeezy, T.I., Ludacris, Future, ",0.156,0.381,242560,0.811,0,0,0.481,-4.669,1,0.204,153.691,4,0.363
0LFcFGLYTX6UmeIdO7NVd7,Ali Bomaye,spotify:track:0LFcFGLYTX6UmeIdO7NVd7,"The Game, 2 Chainz, Rick Ross, ",0.0203,0.378,372707,0.691,0,10,0.4,-5.308,0,0.461,75.162,4,0.23
7dVHOqCffbYh40RXcX9c7P,No Worries,spotify:track:7dVHOqCffbYh40RXcX9c7P,"Lil Wayne, Detail, ",0.0851,0.836,222973,0.64,0,5,0.13,-5.628,1,0.142,127.947,4,0.801
5tZmLjU4vhPlJb12IweZuB,Ambition - feat. Meek Mill & Rick Ross,spotify:track:5tZmLjU4vhPlJb12IweZuB,"Wale, ",0.398,0.42,302547,0.744,0.00000854,8,0.192,-5.033,1,0.396,161.792,4,0.32
6bUlshRLW7M36cAXRhWUzV,Moment Of Clarity,spotify:track:6bUlshRLW7M36cAXRhWUzV,"JAY Z, ",0.164,0.716,264067,0.832,0,1,0.667,-3.539,1,0.368,82.136,4,0.608
0p7GJrCXs75kcqFNveyCGp,Push It,spotify:track:0p7GJrCXs75kcqFNveyCGp,"Rick Ross, ",0.227,0.66,208600,0.765,0,7,0.376,-7.121,1,0.245,151.074,4,0.779
66nzrPB7okMAwNlRI3ds2v,Dope,spotify:track:66nzrPB7okMAwNlRI3ds2v,"Tyga, Rick Ross, ",0.0116,0.816,224853,0.543,0,0,0.13,-6.923,1,0.238,95.04,4,0.373
59TtuXFr3D84eemuLaM08F,Show Out,spotify:track:59TtuXFr3D84eemuLaM08F,"Juicy J, Big Sean, Jeezy, ",0.14,0.83,273040,0.705,0,1,0.0926,-4.896,1,0.211,130.032,4,0.581
09HTROJwpBgv8FSHpckLjD,You Don't Know,spotify:track:09HTROJwpBgv8FSHpckLjD,"Eminem, 50 Cent, Ca$his, Lloyd Banks, ",0.0116,0.767,257907,0.864,0,10,0.0957,-1.847,0,0.133,85.475,4,0.75
7BESPvPXT6DLF21UOLVsvM,"Start It Up - feat. Kanye West, Swizz Beatz, Ryan Leslie, & Fabolous",spotify:track:7BESPvPXT6DLF21UOLVsvM,"Lloyd Banks, ",0.0824,0.427,289827,0.852,0,10,0.379,-5.317,0,0.344,80.824,4,0.43
08N3wNB4s9maD4EvaLmSd5,She Will,spotify:track:08N3wNB4s9maD4EvaLmSd5,"Lil Wayne, Drake, ",0.000186,0.464,307360,0.827,0,8,0.238,-5.176,1,0.0943,99.456,5,0.0676
6ctwAh5yRyxCvMmyVR5BOa,Wonderman - feat. Ellie Goulding,spotify:track:6ctwAh5yRyxCvMmyVR5BOa,"Tinie Tempah, Timothy Mckenzie, Ellie Goulding, ",0.178,0.619,219080,0.745,0,11,0.202,-4.801,0,0.13,91.969,4,0.546
62csqLJbdvAKb38rYijV1R,"Work Hard, Play Hard",spotify:track:62csqLJbdvAKb38rYijV1R,"Wiz Khalifa, ",0.118,0.818,220714,0.675,0.0000165,11,0.262,-4.176,1,0.0655,139.977,4,0.468
4pGv2AFdSV6N2VwAaVciW0,Pass Out,spotify:track:4pGv2AFdSV6N2VwAaVciW0,"Tinie Tempah, Timothy Mckenzie, ",0.0313,0.747,268000,0.892,0,1,0.135,-3.272,1,0.21,91.007,4,0.527
6mcu7D7QuABVwUGDwovOEh,If I Can't,spotify:track:6mcu7D7QuABVwUGDwovOEh,"50 Cent, ",0.265,0.886,196627,0.626,0,11,0.024,-2.528,0,0.277,93.989,4,0.841
0RIHDrcRAXtUlnkvTYPW1a,"All I Do Is Win - Feat. T-Pain, Ludacris, Snoop Dogg & Rick Ross",spotify:track:0RIHDrcRAXtUlnkvTYPW1a,"DJ Khaled, ",0.0135,0.55,230281,0.779,0,0,0.333,-3.841,1,0.211,150.069,4,0.319
6VRhkROS2SZHGlp0pxndbJ,Bangarang (feat. Sirah),spotify:track:6VRhkROS2SZHGlp0pxndbJ,"Skrillex, Sirah, ",0.0145,0.716,215253,0.972,0.0000322,7,0.317,-2.302,1,0.196,110.026,4,0.566
2QbMbzEo18oUOD7GF95lWW,Break Ya Neck,spotify:track:2QbMbzEo18oUOD7GF95lWW,"Busta Rhymes, ",0.463,0.826,231667,0.79,0.00251,4,0.0614,-7.555,0,0.242,83.014,4,0.745
3EBFAnRTOBR42LS2fn6O6u,Never Enough,spotify:track:3EBFAnRTOBR42LS2fn6O6u,"Eminem, 50 Cent, Nate Dogg, ",0.294,0.777,159787,0.716,0,11,0.665,-5.327,1,0.347,95.756,4,0.592
5NsLK0aBlbNVxHzh2TGUGo,Strange Clouds - feat. Lil Wayne,spotify:track:5NsLK0aBlbNVxHzh2TGUGo,"B.o.B, ",0.0587,0.684,226896,0.713,0,10,0.122,-4.777,0,0.211,147.879,4,0.85
7yzwszgJUDrllWnG9cQkxQ,Movin' Bass - GTA Remix,spotify:track:7yzwszgJUDrllWnG9cQkxQ,"Rick Ross, JAY Z, ",0.000758,0.695,253773,0.912,0.000103,10,0.302,-3.331,0,0.193,160.043,4,0.612
5MGeW5mHnqeJiM0NPBbkEZ,I Like Tuh,spotify:track:5MGeW5mHnqeJiM0NPBbkEZ,"Carnage, ILoveMakonnen, ",0.329,0.611,189000,0.543,0,1,0.281,-5.288,0,0.0672,174.862,4,0.557
0P6RjFd2HgG2AXJadQuGfE,Working For It - Bonus Track,spotify:track:0P6RjFd2HgG2AXJadQuGfE,"ZHU, Skrillex, THEY., ",0.0971,0.776,231813,0.715,0.0131,5,0.247,-6.587,0,0.0505,99.951,4,0.494
1ivuWgxFQb2xzxVNSlB1hF,DJ Turn It Up,spotify:track:1ivuWgxFQb2xzxVNSlB1hF,"Yellow Claw, ",0.000956,0.829,211777,0.695,0.178,1,0.112,-5.561,1,0.0473,102.018,4,0.36
0uTO2mDgbL1gfh9CIyrbfL,Turn Around,spotify:track:0uTO2mDgbL1gfh9CIyrbfL,"Borgore, Dan Farber, ",0.345,0.51,216000,0.541,0,9,0.113,-4.885,0,0.218,100.014,4,0.0769
7lnjoe4lH6y4SE4h2EzYmO,Catching Plays,spotify:track:7lnjoe4lH6y4SE4h2EzYmO,"Destructo, Wax Motif, Pusha T, Starrah, ",0.00268,0.87,272091,0.608,0.0000818,11,0.0482,-5.862,1,0.206,127.98,4,0.615
3sA1QxjVNh7GiH8rpTLKdL,Front to Back,spotify:track:3sA1QxjVNh7GiH8rpTLKdL,"Buku, ",0.0171,0.47,251350,0.863,0.143,6,0.096,-6.52,0,0.0461,170.137,4,0.335
37EDnGj3yFe5Hs4Zk3s3YF,Monster,spotify:track:37EDnGj3yFe5Hs4Zk3s3YF,"Meek Mill, ",0.0103,0.67,170883,0.75,0,11,0.338,-4.954,1,0.205,94.405,4,0.526
6ry8edTp2FxPHpddybCPtV,Wild - VIP,spotify:track:6ry8edTp2FxPHpddybCPtV,"Snails, Antiserum, ",0.00347,0.702,174201,0.987,0.0256,7,0.281,-2.711,1,0.148,99.982,4,0.254
4lqEFIB9YZl8BwR99L5H3b,In My Room (feat. Ty Dolla $ign & Tyga),spotify:track:4lqEFIB9YZl8BwR99L5H3b,"DJ Mustard, Yellow Claw, Tyga, Ty Dolla $ign, ",0.00193,0.745,168641,0.869,0,6,0.0799,-4.375,1,0.0444,104.015,4,0.799
76OSY26fhv9aJ0WZTezF34,Bricks,spotify:track:76OSY26fhv9aJ0WZTezF34,"Carnage, Migos, ",0.27,0.777,264000,0.765,0.000001,8,0.114,-5.147,1,0.297,145.897,4,0.409
39pC3mxCuMaQhKEQ9wodpi,100s,spotify:track:39pC3mxCuMaQhKEQ9wodpi,"Borgore, ",0.0794,0.714,181888,0.908,0,3,0.131,-1.471,0,0.055,149.852,4,0.592
7mhk9WyqZZzvTTCQKfh2iV,Law,spotify:track:7mhk9WyqZZzvTTCQKfh2iV,"Yo Gotti, E-40, ",0.0196,0.882,257267,0.699,0,2,0.0469,-5.572,1,0.249,145.008,4,0.425
6aWiGv6hPG0o3ri7QHNs8t,Find Me,spotify:track:6aWiGv6hPG0o3ri7QHNs8t,"Marshmello, ",0.00012,0.557,180000,0.889,0.000225,0,0.325,-4.045,1,0.0499,142.015,4,0.186
48bSfSZaq9Aizbu4AWn4st,Febreze (feat. 2 Chainz),spotify:track:48bSfSZaq9Aizbu4AWn4st,"Jack Ü, Skrillex, Diplo, 2 Chainz, ",0.0184,0.68,214400,0.983,0,2,0.289,-3.51,1,0.333,149.829,4,0.292
1wBmelrAcS6a5jf9iyQVcV,Check,spotify:track:1wBmelrAcS6a5jf9iyQVcV,"Meek Mill, ",0.000344,0.677,194463,0.525,0,8,0.109,-8.473,1,0.278,179.939,4,0.718
20Xwgtz25c8XBV46z1GYs4,TurnUp,spotify:track:20Xwgtz25c8XBV46z1GYs4,"Gent & Jawns, ",0.00205,0.603,185753,0.972,0.687,11,0.124,-5.013,0,0.0415,145.997,4,0.397
14yCie6NZ9aaHzBlXggqUV,FDT,spotify:track:14yCie6NZ9aaHzBlXggqUV,"YG, Nipsey Hussle, ",0.154,0.838,226653,0.498,0,8,0.247,-7.318,1,0.52,97.022,4,0.131
3EWE52XNdHjkeigeOHTIP2,Fuck Donald Trump,spotify:track:3EWE52XNdHjkeigeOHTIP2,"Nipsey Hussle, YG, ",0.147,0.782,222746,0.528,0,1,0.269,-7.748,1,0.468,96.579,4,0.22
6Ia0FTYxZArIJwkfknkvxH,Hype,spotify:track:6Ia0FTYxZArIJwkfknkvxH,"Dizzee Rascal, Calvin Harris, ",0.0105,0.782,211657,0.991,0,4,0.165,-1.501,0,0.0727,123.981,4,0.535
3XJ25IKHBKosyTvd09BqYm,No Chill,spotify:track:3XJ25IKHBKosyTvd09BqYm,"Vic Mensa, Skrillex, ",0.138,0.514,226320,0.844,0,3,0.159,-5.022,0,0.247,140.57,4,0.287
0HzkGXPcRlW1hRkaVHqxdm,Frogbass - Original Mix,spotify:track:0HzkGXPcRlW1hRkaVHqxdm,"Snails, ",0.0373,0.641,231333,0.954,0.00104,6,0.785,-2.31,1,0.276,90.046,4,0.663
5upfHGn7Vhe49G07hKz1SR,Raw to the Floor,spotify:track:5upfHGn7Vhe49G07hKz1SR,"Axel Boy, ",0.00447,0.644,277500,0.948,0.326,1,0.304,-4.635,1,0.0582,128.03,4,0.477
1IDfDAk0EvYrSZq06SWP5F,G-String,spotify:track:1IDfDAk0EvYrSZq06SWP5F,"Party Favor, Meaux Green, ",0.0415,0.636,197400,0.975,0.258,10,0.462,-4.57,0,0.0599,100.001,4,0.232
4afMG2PlvFfX976bZJvHmb,WDYW,spotify:track:4afMG2PlvFfX976bZJvHmb,"Carnage, Lil Uzi Vert, A$AP Ferg, Rich The Kid, ",0.207,0.72,233000,0.816,0,5,0.813,-3.313,1,0.143,125.074,4,0.506
3uhw3Z237K3cr1dSwRTvcM,Buried (feat. Rome Fortune),spotify:track:3uhw3Z237K3cr1dSwRTvcM,"What So Not, George Maple, Rome Fortune, ",0.0848,0.595,205593,0.826,0.0000491,5,0.112,-5.615,1,0.0581,125.008,4,0.321
7wQRAgTnBowC3myTLJSSNK,Voyager,spotify:track:7wQRAgTnBowC3myTLJSSNK,"Lookas, ",0.00926,0.612,211200,0.731,0.846,8,0.151,-9.147,0,0.165,150.005,4,0.748
6GgPsuz0HEO0nrO2T0QhDv,No Hands [feat. Roscoe Dash and Wale],spotify:track:6GgPsuz0HEO0nrO2T0QhDv,"Waka Flocka Flame, ",0.00544,0.76,263773,0.595,0,1,0.241,-6.366,1,0.0391,131.497,4,0.362
4Ijr3J0lnLCGZvpXBiqCjU,Bap U,spotify:track:4Ijr3J0lnLCGZvpXBiqCjU,"Party Favor, ",0.0251,0.674,153696,0.943,0.000405,6,0.108,-3.343,1,0.038,100.001,4,0.436
6Bloc290MLwdBYu3mukiXw,Give It To Me Twice (feat. Sean Kingston & Rich The Kid),spotify:track:6Bloc290MLwdBYu3mukiXw,"Sean Kingston, Rich The Kid, Party Favor, ",0.0165,0.63,176471,0.813,0,0,0.123,-5.756,1,0.0308,102.033,4,0.52
1OhSTc9VsXGIsHj8kgcWlm,Decisions (feat. Miley Cyrus),spotify:track:1OhSTc9VsXGIsHj8kgcWlm,"Borgore, Miley Cyrus, ",0.00361,0.565,198857,0.934,0.00000229,7,0.295,-1.576,0,0.0613,139.941,4,0.638
30d50iqspscgtULK3QcEpf,Slow Down,spotify:track:30d50iqspscgtULK3QcEpf,"Spanker, DJ Snake, Yellow Claw & Spanker, DJ Snake, Yellow Claw, ",0.00174,0.856,249600,0.873,0.899,0,0.118,-2.652,1,0.0891,99.984,4,0.229
2WzpOMkCaakq1T3luPCjLH,Know Yourself,spotify:track:2WzpOMkCaakq1T3luPCjLH,"Drake, ",0.196,0.733,275840,0.412,0,11,0.342,-8.687,0,0.225,114.413,4,0.182
20UdW4qyeOmKa9YaOcv9WX,Need You,spotify:track:20UdW4qyeOmKa9YaOcv9WX,"Dillon Francis, NGHTMRE, ",0.00171,0.721,197442,0.925,0.0545,4,0.547,-3.208,0,0.196,111.961,4,0.352
1MaXdTc3ThfletHE68R74O,Trap Life,spotify:track:1MaXdTc3ThfletHE68R74O,"Tomsize, ",0.000585,0.623,228000,0.808,0.000437,8,0.289,-4.055,1,0.0341,140.033,4,0.171
7FYH5AW3bVfZHJIQpq3UOA,I Don't Fuck With You,spotify:track:7FYH5AW3bVfZHJIQpq3UOA,"Big Sean, E-40, ",0.0372,0.822,284387,0.734,0,1,0.325,-5.48,1,0.0738,97.998,4,0.403
1gpSrGUfU3F9TOzPlEyLxH,Gotta Lotta,spotify:track:1gpSrGUfU3F9TOzPlEyLxH,"2 Chainz, Lil Wayne, ",0.00282,0.681,214720,0.608,0,7,0.0869,-7.344,0,0.0504,81.969,4,0.173
0Q3SC6kEhxYagDP3bFe5K9,Keep It Mello (feat. Omar Linx),spotify:track:0Q3SC6kEhxYagDP3bFe5K9,"Marshmello, Omar LinX, ",0.00134,0.686,243380,0.888,0.000689,1,0.0736,-3.348,1,0.0857,142.015,4,0.114
49ySwzAyvxcNXOkOP6ZB1L,The Motto,spotify:track:49ySwzAyvxcNXOkOP6ZB1L,"Drake, Lil Wayne, ",0.000146,0.774,181400,0.431,0.0000199,1,0.112,-8.407,1,0.346,201.843,4,0.358
4YhkpuQX2fVDISNDa2qkZo,Roll Up (Baauer Remix) - Infuze Re-Roll,spotify:track:4YhkpuQX2fVDISNDa2qkZo,"Flosstradamus, Infuze, ",0.126,0.601,171882,0.965,0.135,8,0.312,-3.101,1,0.305,170.01,4,0.67
7gcvKQTSUwRJJaeOJkDkN1,When I Feel Like It,spotify:track:7gcvKQTSUwRJJaeOJkDkN1,"Fabolous, 2 Chainz, ",0.00979,0.745,258080,0.563,0,8,0.223,-7.261,1,0.0767,114.975,4,0.2
7clUOYJb0WsAgFQEgDxSIT,Millions,spotify:track:7clUOYJb0WsAgFQEgDxSIT,"Pusha T, Rick Ross, ",0.0491,0.658,309947,0.748,0,4,0.105,-4.895,0,0.288,136.988,4,0.283
1UadInv5VkZrN0gMpmgmDH,Blast Ya (feat. Barrington Levy),spotify:track:1UadInv5VkZrN0gMpmgmDH,"Borgore, Barrington Levy, ",0.0225,0.817,211200,0.922,0,6,0.0986,-0.819,0,0.251,149.935,4,0.541
2OKhsrfq07zof82QKMoWJ0,In My Head (feat. Georgia Ku),spotify:track:2OKhsrfq07zof82QKMoWJ0,"Party Favor, Georgia Ku, ",0.007,0.51,210000,0.837,0.0000645,11,0.544,-3.815,1,0.0598,141.899,4,0.204
5a5D4ajzxfU64ucSRSinar,Spooked,spotify:track:5a5D4ajzxfU64ucSRSinar,"Bro Safari feat. DJ Craze, Bro Safari, DJ Craze, ",0.0102,0.572,216000,0.673,0.000203,1,0.335,-5.922,1,0.0484,169.758,5,0.13
2BTPW7osibjN9gFDRY4mYN,Do Or Die (feat. Childish Gambino),spotify:track:2BTPW7osibjN9gFDRY4mYN,"Flux Pavilion, Childish Gambino, ",0.000242,0.624,245091,0.83,0.000014,11,0.306,-5.018,0,0.121,145.146,4,0.441
6x5LUnlzMVpmP65Ya4qDTk,Cant Squad with Us,spotify:track:6x5LUnlzMVpmP65Ya4qDTk,"Borgore, ",0.0086,0.714,246857,0.923,0.0000161,1,0.0519,-2.981,1,0.032,140.046,4,0.246
7Gmv4ql5fK4MM2pMeAuXSf,Booty Gyal,spotify:track:7Gmv4ql5fK4MM2pMeAuXSf,"Creaky Jackals, ",0.152,0.686,203400,0.925,0.00114,1,0.346,-2.036,1,0.311,100.023,4,0.808
4OjuzM3rTWp3q60mEldNSF,Hit the Quan - Original Version,spotify:track:4OjuzM3rTWp3q60mEldNSF,"iLoveMemphis, ",0.000235,0.741,181081,0.488,0,8,0.0488,-8.253,1,0.362,160.018,4,0.624
59mH1qOaKrtOGGOu8kCrxg,Apollo,spotify:track:59mH1qOaKrtOGGOu8kCrxg,"Lookas, ",0.111,0.69,268138,0.74,0.807,8,0.0899,-5.509,0,0.0742,144.935,4,0.344
2WBL8JyDgUoDkHMz5VnP3r,Kyoto (feat. Sirah),spotify:track:2WBL8JyDgUoDkHMz5VnP3r,"Skrillex, Sirah, ",0.0012,0.605,200787,0.92,0.000596,4,0.483,-2.298,0,0.0713,174.974,4,0.22
5RqsqQU0erB0OgLbwem6pU,Rambo,spotify:track:5RqsqQU0erB0OgLbwem6pU,"Bryson Tiller, ",0.309,0.635,223480,0.562,0.00000201,10,0.11,-8.92,0,0.168,181.014,4,0.271
5cv4xpnhCTthBPgViRIzen,Wild Out (feat. Waka Flocka Flame & Paige),spotify:track:5cv4xpnhCTthBPgViRIzen,"Borgore, Waka Flocka Flame, Paige, ",0.0254,0.644,254545,0.926,0.00536,1,0.186,-2.629,1,0.0566,132.034,4,0.0397
7pwOBEDVO5UrxKjgP9rID2,Gordo,spotify:track:7pwOBEDVO5UrxKjgP9rID2,"Carnage, Rick Ross, araabMUZIK, ",0.606,0.346,104000,0.76,0.000604,6,0.12,-7.64,1,0.179,138.877,4,0.0688
0Dc7J9VPV4eOInoxUiZrsL,Don't Tell 'Em,spotify:track:0Dc7J9VPV4eOInoxUiZrsL,"Jeremih, YG, ",0.421,0.851,266840,0.525,0,2,0.111,-5.221,0,0.0874,97.988,4,0.387
7bt8Iz3CACv48pRefYo0Qa,Back Again,spotify:track:7bt8Iz3CACv48pRefYo0Qa,"Party Favor, Gent & Jawns, ",0.00503,0.55,181200,0.989,0.866,1,0.487,-3.621,0,0.067,150.035,4,0.522
1aS1uzcAC14lduwuNJZjqE,Kknow Me,spotify:track:1aS1uzcAC14lduwuNJZjqE,"Marshmello, ",0.00635,0.664,206197,0.844,0.00285,5,0.542,-5.012,0,0.0405,142.056,4,0.525
0eEvrc5S2BNnHdhUooBVdj,Nope (feat. ShayGray),spotify:track:0eEvrc5S2BNnHdhUooBVdj,"Borgore, DOTcom, ShayGray, ",0.00465,0.733,231736,0.82,0.00147,6,0.0687,-5.94,0,0.212,145.064,4,0.34
7rcF9Sx3vjKE2UBvNx2Ml1,Purple Lamborghini,spotify:track:7rcF9Sx3vjKE2UBvNx2Ml1,"Skrillex, Rick Ross, ",0.00176,0.419,215510,0.902,0,10,0.821,-2.602,0,0.136,147.298,4,0.294
5zaIgI9HNUPIcfaeVRlxGa,Just A Lil' Thick (She Juicy),spotify:track:5zaIgI9HNUPIcfaeVRlxGa,"Trinidad James, Mystikal, Lil Dicky, ",0.108,0.857,203534,0.72,0,4,0.218,-5.589,1,0.289,99.995,4,0.723
40iFF0FeiMVFTC0CiuQrPs,Booty Loose (feat. Fly Boi Keno),spotify:track:40iFF0FeiMVFTC0CiuQrPs,"Party Favor, Fly Boi Keno, ",0.00031,0.7,151350,0.913,0.00239,10,0.655,-3.027,0,0.0725,100.033,4,0.2
46dEp5uZy65FLjRgVgxuiF,Maybe,spotify:track:46dEp5uZy65FLjRgVgxuiF,"Carmada, ",0.00882,0.385,257707,0.676,0.194,1,0.0706,-7.927,0,0.11,159.68,4,0.356
4UrGGEcUz6rQOZDrYVxb79,Slappin,spotify:track:4UrGGEcUz6rQOZDrYVxb79,"E-40, Nef The Pharaoh, D.R.A.M., ",0.0675,0.837,230293,0.803,0,11,0.141,-4.896,0,0.266,99.078,4,0.484
3XdbNOzMb0TL6pBbtEpyqT,Express Yourself (feat. Nicky Da B),spotify:track:3XdbNOzMb0TL6pBbtEpyqT,"Diplo, Nicky Da B, ",0.0507,0.84,277546,0.939,0.0000142,4,0.598,-3.052,0,0.233,107.976,4,0.365
5i7fZq3chLyCHo3VeB6goD,First Of The Year (Equinox),spotify:track:5i7fZq3chLyCHo3VeB6goD,"Skrillex, ",0.00711,0.429,261517,0.948,0.0148,5,0.0812,-3.657,0,0.227,115.785,3,0.561
4MA2EibH9eGHgkbaTnJ3CR,Trap Queen (feat. Quavo & Gucci Mane),spotify:track:4MA2EibH9eGHgkbaTnJ3CR,"Fetty Wap, Gucci Mane, Quavo, ",0.0499,0.745,207568,0.849,0,7,0.374,-3.826,1,0.0611,148.075,4,0.805
20n5AhSbetBMt6Xbrm4fa7,Look At My Dab,spotify:track:20n5AhSbetBMt6Xbrm4fa7,"Migos, ",0.0568,0.841,217226,0.611,0,10,0.47,-3.943,1,0.175,137.048,4,0.395
0lEuZJ8PePuU8xzyMbLInl,Scrape (feat. Gucci Mane),spotify:track:0lEuZJ8PePuU8xzyMbLInl,"Gucci Mane, Party Favor, ",0.00635,0.63,255750,0.902,0.0124,2,0.633,-3.205,1,0.0664,159.98,4,0.448
6xhblLundMJAiG9jF7nlxs,Versace,spotify:track:6xhblLundMJAiG9jF7nlxs,"Migos, ",0.0384,0.841,195474,0.729,0,6,0.276,-3.047,0,0.239,132.073,4,0.43
2BnVVl5NCV2o7XlZo1CLEm,Movin' Bass - GTA Remix,spotify:track:2BnVVl5NCV2o7XlZo1CLEm,"Rick Ross, JAY Z, ",0.000709,0.694,253773,0.912,0.0000608,11,0.303,-3.342,1,0.24,160.032,4,0.595
19gEmPjfqSZT0ulDRfjl0m,Hot N*gga,spotify:track:19gEmPjfqSZT0ulDRfjl0m,"Bobby Shmurda, ",0.0505,0.794,194561,0.51,0.00000181,9,0.0562,-7.314,1,0.42,167.879,4,0.189
5NFlqdkBxG5BJvgUMpLwpd,Fame - Bonus Track,spotify:track:5NFlqdkBxG5BJvgUMpLwpd,"Borgore, ",0.00174,0.599,210462,0.701,0,5,0.156,-3.325,0,0.27,129.992,4,0.365
3keUgTGEoZJt0QkzTB6kHg,Truffle Butter,spotify:track:3keUgTGEoZJt0QkzTB6kHg,"Nicki Minaj, Drake, Lil Wayne, ",0.0525,0.896,219227,0.672,0.0000314,10,0.12,-6.875,0,0.0479,105.098,4,0.511
0EIPUnOYJQujsqoezHkFtN,TECHNO (feat. Waka Flocka Flame),spotify:track:0EIPUnOYJQujsqoezHkFtN,"LNY TNZ, Diplo, Yellow Claw, Waka Flocka Flame, ",0.00505,0.668,208012,0.911,0.000126,4,0.327,-4.157,0,0.0593,150.03,4,0.649
5nHQZfrAnOwPYeC0k9PAwD,Be the One,spotify:track:5nHQZfrAnOwPYeC0k9PAwD,"Axel Boy, ",0.012,0.485,282753,0.97,0.00000265,1,0.184,-5.118,1,0.201,128.235,4,0.353
0BiI0D3NuSIs0gX7mP8itb,No Requests (feat. KRS-One),spotify:track:0BiI0D3NuSIs0gX7mP8itb,"Datsik, KRS-One, ",0.00147,0.653,200000,0.899,0.00000287,1,0.16,-3.152,1,0.199,144.12,4,0.279
0Z5dNaZ3lETR9jKu3kEEqE,Body and Soul (feat. Yael),spotify:track:0Z5dNaZ3lETR9jKu3kEEqE,"Borgore, Yael, ",0.113,0.762,154286,0.901,0.000923,5,0.103,-1.138,0,0.142,140.088,4,0.184
7pu71P9Vja2XEym0RTpZrX,Shut It Down,spotify:track:7pu71P9Vja2XEym0RTpZrX,"Dillon Francis, Party Favor, ",0.0121,0.649,202123,0.976,0.0261,2,0.326,-3.208,1,0.115,109.985,4,0.347
3rbNV2GI8Vtd8byhUtXZID,Clique,spotify:track:3rbNV2GI8Vtd8byhUtXZID,"Kanye West, JAY Z, Big Sean, ",0.0567,0.467,293533,0.564,0,9,0.194,-4.986,0,0.353,81.966,4,0.304
0qUdWfEpCaY3XfMOaWZx3f,3rd degree,spotify:track:0qUdWfEpCaY3XfMOaWZx3f,"Axel Boy, ",0.0107,0.597,288750,0.974,0.294,1,0.0998,-4.905,1,0.0419,128.024,4,0.407
1QMCsDhbrqwBvDRXSaeh9r,Money Longer,spotify:track:1QMCsDhbrqwBvDRXSaeh9r,"Lil Uzi Vert, ",0.0541,0.795,198944,0.568,0,5,0.108,-7.817,0,0.142,136.173,4,0.47
5CXhE5Q9ePbPlWEeMpL3kA,When We Were Young - Zomboy Remix,spotify:track:5CXhE5Q9ePbPlWEeMpL3kA,"Dillon Francis, Sultan + Shepard , The Chain Gang Of 1974, ",0.00112,0.558,298573,0.981,0.00634,1,0.348,-1.619,1,0.0847,140.007,4,0.119
0tPShxf8VJUH6RBDEP3tVB,Bake Sale (feat. Travis Scott),spotify:track:0tPShxf8VJUH6RBDEP3tVB,"Wiz Khalifa, Travi$ Scott, ",0.144,0.864,238534,0.551,0,3,0.104,-5.198,1,0.22,139.934,4,0.393
4T7aCLHutfA22BKNgmWdaJ,Mosh Pit,spotify:track:4T7aCLHutfA22BKNgmWdaJ,"Flosstradamus, Casino, ",0.00558,0.652,198720,0.892,0.00000272,2,0.355,-4.653,1,0.0465,140.038,4,0.29
4k1twluDPNSnrFd3Wxsibv,Mula Remix,spotify:track:4k1twluDPNSnrFd3Wxsibv,"Big Sean, 2 Chainz, Meek Mill, Earlly Mac, ",0.185,0.669,354293,0.605,0,1,0.759,-3.841,1,0.0468,125.867,4,0.164
4mfIwjsMW79kDyA8UKLms5,Tony,spotify:track:4mfIwjsMW79kDyA8UKLms5,"LOUDPVCK, Gladiator, Nipsey Hussle, ",0.0116,0.793,263688,0.933,0.424,9,0.36,-3.489,1,0.0731,140.043,4,0.824
1W3WB8qIQJ8wKxRbetVJst,Nice Flow - Original Mix,spotify:track:1W3WB8qIQJ8wKxRbetVJst,"Smookie Illson, Fly Boy Keno, ",0.019,0.752,213839,0.957,0.114,0,0.192,-4.379,1,0.0543,109.971,4,0.428
2LGfcxG9LcDOxnltIPE1Zq,Shotgun,spotify:track:2LGfcxG9LcDOxnltIPE1Zq,"Yellow Claw, Rochelle, ",0.0129,0.664,193893,0.907,0.176,4,0.26,-3.213,0,0.0328,144.956,4,0.231
6m4Ki1GDiMYSLOkTTp9lZt,"TTG [Trained To Go] - feat. French Montana, YG Hootie, Joe Moses & Baby Bomb [Explicit Album Version]",spotify:track:6m4Ki1GDiMYSLOkTTp9lZt,"Waka Flocka Flame, ",0.158,0.771,305227,0.846,0,8,0.281,-5.738,1,0.193,140.008,4,0.519
0sr5LOMv4x0jmTYfe6oOvP,Back Up,spotify:track:0sr5LOMv4x0jmTYfe6oOvP,"Dej Loaf, Big Sean, ",0.147,0.816,241267,0.535,0.00000453,9,0.176,-8.302,1,0.338,80.012,4,0.438
0588kHJ34DF7ZvTyuo4Dnk,They Don't Love You No More,spotify:track:0588kHJ34DF7ZvTyuo4Dnk,"DJ Khaled, JAY Z, Meek Mill, Rick Ross, French Montana, ",0.0126,0.365,250547,0.774,0,1,0.357,-3.701,1,0.259,89.1,4,0.404
5JUbszUDGbE2RUoJDsIXqk,Crank It (feat. Lil' Jon),spotify:track:5JUbszUDGbE2RUoJDsIXqk,"Ghastly, Mija, Lil Jon, ",0.00638,0.882,255469,0.82,0.00332,11,0.0327,-5.145,0,0.183,127.959,4,0.783
1ULa3GfdMKs0MfRpm6xVlu,We Dem Boyz,spotify:track:1ULa3GfdMKs0MfRpm6xVlu,"Wiz Khalifa, ",0.00689,0.717,224933,0.862,0,8,0.321,-4.736,1,0.054,130.021,4,0.512
1gYn6OTpw5W6n8QaJjyY5m,Nobody Speak (feat. Run the Jewels),spotify:track:1gYn6OTpw5W6n8QaJjyY5m,"DJ Shadow, Run The Jewels, ",0.0377,0.62,195966,0.813,0.00282,2,0.263,-5.937,1,0.153,160.063,4,0.316
1lWoanAmIk1PZisbP5LmwT,How To Love (feat. Sofia Reyes),spotify:track:1lWoanAmIk1PZisbP5LmwT,"Cash Cash, Sofia Reyes, ",0.148,0.673,219240,0.894,0.0000034,0,0.141,-2.73,1,0.0594,118.894,4,0.613
4mPOYg53faLL6brBcoZ5T8,Been A While,spotify:track:4mPOYg53faLL6brBcoZ5T8,"Sam Feldt, ",0.425,0.779,163527,0.695,0.000769,1,0.107,-6.064,0,0.031,120.004,4,0.383
2t5yoJZc6RN6FkUMWD58UA,Rollercoaster,spotify:track:2t5yoJZc6RN6FkUMWD58UA,"Alyssa Reid, ",0.0616,0.74,193493,0.931,0.00000515,4,0.0645,-3.816,1,0.153,104.893,4,0.811
5PbiHisjnOEzI5un0qSPhH,The Best Crew - Leeyou & Danceey Remix,spotify:track:5PbiHisjnOEzI5un0qSPhH,"Tep No, Leeyou & Danceey, ",0.0723,0.602,215271,0.773,0,3,0.126,-4.846,0,0.0448,97.012,4,0.385
2QdqJlf2c9lTfv75XcJfuB,Destination Sunrise,spotify:track:2QdqJlf2c9lTfv75XcJfuB,"Bit Funk, NEFE, ",0.00189,0.611,198728,0.838,0.0525,1,0.0892,-3.489,1,0.0371,107.988,4,0.433
7gZQfdEQpmwAoPHSbEHzms,False Alarm,spotify:track:7gZQfdEQpmwAoPHSbEHzms,"Matoma, Becky Hill, ",0.00681,0.643,224272,0.732,0.0000457,5,0.0606,-6.762,0,0.0294,102.979,4,0.182
0x4GHzCjY5MGQ960CHnVHz,In My Blood,spotify:track:0x4GHzCjY5MGQ960CHnVHz,"The Veronicas, ",0.00136,0.538,200480,0.809,0,7,0.406,-6.017,0,0.0504,120.001,4,0.282
46NBoIAHrmR7qcUGCIFEjR,This One's For You (feat. Zara Larsson) - Official Song UEFA EURO 2016,spotify:track:46NBoIAHrmR7qcUGCIFEjR,"David Guetta, Zara Larsson, ",0.0022,0.367,207273,0.915,0.0000581,9,0.0905,-3.456,0,0.0488,110.169,4,0.348
5tf1VVWniHgryyumXyJM7w,Sugar (feat. Francesco Yates),spotify:track:5tf1VVWniHgryyumXyJM7w,"Robin Schulz, Francesco Yates, ",0.0185,0.636,219043,0.815,0,5,0.163,-5.098,0,0.0581,123.063,4,0.629
2I0Q1wxFRdnDYtG6Q8W47S,Winterbreak - Tiësto's Deep House Remix,spotify:track:2I0Q1wxFRdnDYtG6Q8W47S,"MUNA, Tiësto, ",0.0102,0.699,228537,0.725,0.0000134,2,0.336,-5.426,1,0.0523,113.024,4,0.335
1ZAwsMUkY9RxCnUJs1Fmia,Do It Right,spotify:track:1ZAwsMUkY9RxCnUJs1Fmia,"Rainer + Grimm, ",0.00456,0.698,203617,0.771,0.0000886,9,0.135,-6.015,1,0.0331,117.993,4,0.663
5deDWZeDHWfYk9xaq9ynh4,Back 2 U,spotify:track:5deDWZeDHWfYk9xaq9ynh4,"Steve Aoki, Boehm, WALK THE MOON, ",0.021,0.635,275977,0.875,0.00000794,10,0.139,-6.221,1,0.0512,126.034,4,0.538
6jHFpBtdFgxjpCkJpIVfAS,Rise N Shine,spotify:track:6jHFpBtdFgxjpCkJpIVfAS,"Eva Shaw, Poo Bear, ",0.00404,0.717,149943,0.875,0.000142,6,0.0961,-2.807,0,0.0571,116.035,4,0.412
4tCtwWceOPWzenK2HAIJSb,Work from Home,spotify:track:4tCtwWceOPWzenK2HAIJSb,"Fifth Harmony, Ty Dolla $ign, ",0.103,0.803,214480,0.585,0.00000394,8,0.0644,-5.861,1,0.0432,105.017,4,0.588
2P4OICZRVAQcYAV2JReRfj,Waiting For Love,spotify:track:2P4OICZRVAQcYAV2JReRfj,"Avicii, ",0.257,0.573,230613,0.732,0,6,0.172,-3.847,0,0.0498,128.074,4,0.61
5Iu44ltNt6oj3SLqMfhaPN,Fireproof,spotify:track:5Iu44ltNt6oj3SLqMfhaPN,"Coleman Hell, ",0.0127,0.691,170901,0.774,0.0000051,5,0.091,-4.214,0,0.108,128.059,4,0.779
3fsYp2OCMwkANwqHCAWv5H,Backbeat,spotify:track:3fsYp2OCMwkANwqHCAWv5H,"Dagny, ",0.00715,0.604,225733,0.871,0.0254,7,0.169,-4.792,0,0.0605,139.93,4,0.68
7ldyl8u3yYXddAFhbiBRgE,Nothing To Lose,spotify:track:7ldyl8u3yYXddAFhbiBRgE,"VASSY, ",0.0434,0.681,208640,0.881,0.0000607,4,0.11,-2.981,0,0.0448,124.031,4,0.437
5YHR8wBR5jXfGtP766NiAT,If It Ain't Love,spotify:track:5YHR8wBR5jXfGtP766NiAT,"Jason Derulo, ",0.0487,0.503,203105,0.843,0,10,0.344,-4.991,0,0.316,128.63,4,0.774
6yrOS1fhNjS9QjhoixoLTl,Keep Up,spotify:track:6yrOS1fhNjS9QjhoixoLTl,"Felix Cartal, Steph Jones, ",0.0517,0.636,232500,0.861,0.000474,4,0.277,-1.521,0,0.0694,117.923,4,0.45
0HqkqqlMMKeyhC3I7mNV7b,Champagne Problems,spotify:track:0HqkqqlMMKeyhC3I7mNV7b,"Nick Jonas, ",0.000663,0.728,192680,0.774,0.00000152,7,0.0888,-5.051,0,0.133,107.901,4,0.643
2T4Rvfg7XV4hYnc0nEfwe8,Lights Out,spotify:track:2T4Rvfg7XV4hYnc0nEfwe8,"Virginia To Vegas, ",0.0695,0.665,211987,0.752,0.00000188,5,0.12,-4.831,0,0.052,96.983,4,0.647
78W8wiUIlQ2SnWY9TVowKZ,Back Where I Belong (feat. Avicii),spotify:track:78W8wiUIlQ2SnWY9TVowKZ,"Otto Knows, Avicii, ",0.0306,0.497,174203,0.865,0.0679,0,0.443,-3.19,1,0.0644,125.96,4,0.613
7j56HrjR9cGzvekvZY3Faz,HandClap,spotify:track:7j56HrjR9cGzvekvZY3Faz,"Fitz and The Tantrums, ",0.00609,0.636,193253,0.836,0.000157,8,0.0828,-3.004,1,0.0427,139.956,4,0.723
54N2wzAk8PCbAJqHUYU2v3,Wanted,spotify:track:54N2wzAk8PCbAJqHUYU2v3,"Trevor Guthrie, ",0.304,0.625,213056,0.874,0.0000012,7,0.119,-2.628,0,0.0514,128.042,4,0.463
6UiDiFJUGEDzkGpZBL8IYq,I Feel The Love,spotify:track:6UiDiFJUGEDzkGpZBL8IYq,"Tritonal, Ross Lynch, R5, ",0.0201,0.555,213120,0.813,0,0,0.165,-5.792,1,0.033,125.034,4,0.437
2YRThoubXy3sR0HS8eXiq9,Never Be Like You (Martin Solveig Remix) [feat. Kai],spotify:track:2YRThoubXy3sR0HS8eXiq9,"Flume, Kai, ",0.00232,0.734,284160,0.691,0.136,7,0.117,-5.618,0,0.0385,125,4,0.0405
63q69khkSRTCndKoF3GnaJ,The Way You Want Me - Original Mix,spotify:track:63q69khkSRTCndKoF3GnaJ,"Lucky Rose, Yan Etchevary, ",0.21,0.651,193684,0.634,0.00000163,11,0.0694,-8.464,0,0.0301,114.108,4,0.337
4CWZOyb9YHIH06yfsvY6k1,Give Me Your Love,spotify:track:4CWZOyb9YHIH06yfsvY6k1,"Sigala, John Newman, Nile Rodgers, Cedric Gervais, Laurent Simeca, ",0.00481,0.632,209120,0.949,0.0000507,2,0.177,-2.338,1,0.0358,124.974,4,0.709
15kxDDHakzGudCwh0pNlHU,No Apologies (feat. Natalie Cressman),spotify:track:15kxDDHakzGudCwh0pNlHU,"Big Gigantic, Natalie Cressman, ",0.0145,0.662,214857,0.945,0.00000204,6,0.126,-0.75,0,0.11,104.92,4,0.542
6v9sCNj1KY3wblGJAohxX2,Blue Sky,spotify:track:6v9sCNj1KY3wblGJAohxX2,"CAZZETTE, Laleh, ",0.0435,0.743,201290,0.748,0.00000849,7,0.191,-5.793,0,0.0456,122.953,4,0.377
06cu3EF2msKUEy0kCaY8tR,Kiss The Sky (feat. Wyclef Jean),spotify:track:06cu3EF2msKUEy0kCaY8tR,"The Knocks, Wyclef Jean, ",0.000238,0.687,215320,0.861,0.0161,5,0.26,-3.757,1,0.0451,100.015,4,0.388
2UIRHeHi72VP5WBMAfkPe5,Hello Friday (feat. Jason Derulo),spotify:track:2UIRHeHi72VP5WBMAfkPe5,"Flo Rida, Jason Derulo, ",0.0188,0.768,201238,0.881,0.00000365,9,0.298,-4.392,0,0.113,99.98,4,0.506
3okHheyrjR0DfRv3Xxq4nw,Higher,spotify:track:3okHheyrjR0DfRv3Xxq4nw,"Carly Rae Jepsen, ",0.00905,0.647,234413,0.874,0.000276,1,0.373,-4.565,0,0.0575,113.973,4,0.456
3T8j0WDSw7G98rNLAe2M2X,Golden Light (feat. 6AM),spotify:track:3T8j0WDSw7G98rNLAe2M2X,"Madden, 6AM, ",0.012,0.706,207291,0.897,0.00000101,8,0.343,-2.539,0,0.0349,125.002,4,0.61
2ZslbWRRwek8HgSqAFoI3v,Young Hearts (feat. Beginners),spotify:track:2ZslbWRRwek8HgSqAFoI3v,"BUNT., BEGINNERS, ",0.132,0.658,196184,0.873,0,10,0.205,-3.422,1,0.037,126.037,4,0.555
2FiSTH0GYpIioUgjfzMIja,Stay,spotify:track:2FiSTH0GYpIioUgjfzMIja,"Kygo, Maty Noyes, ",0.0444,0.648,239465,0.736,0.000137,8,0.171,-7.948,1,0.0385,103.027,4,0.376
6JV2JOEocMgcZxYSZelKcc,CAN'T STOP THE FEELING! (Original Song from DreamWorks Animation's "TROLLS"),spotify:track:6JV2JOEocMgcZxYSZelKcc,"Justin Timberlake, ",0.0123,0.667,236002,0.83,0,0,0.191,-5.715,1,0.0749,113.03,4,0.716
6aFvJSvmAuTuQSPZwK8rrN,Bullet - Instant Karma Remix,spotify:track:6aFvJSvmAuTuQSPZwK8rrN,"Chelsea Lankes, Instant Karma, ",0.0165,0.654,199351,0.952,0.00293,7,0.355,-3.231,1,0.0432,127.997,4,0.592
0fMMtO0pOYIGWfbJmrqfVJ,Anywhere,spotify:track:0fMMtO0pOYIGWfbJmrqfVJ,"Dillon Francis, Will Heard, ",0.0266,0.795,177596,0.642,0.000012,8,0.0805,-4.089,1,0.0425,115.009,4,0.616
6CuITtPAI0l5CIr86J2jNr,Meteorite - From "Bridget Jones's Baby" Original Motion Picture Soundtrack,spotify:track:6CuITtPAI0l5CIr86J2jNr,"Years & Years, ",0.0541,0.607,205608,0.835,0,7,0.239,-5.194,1,0.05,120.002,4,0.577
1Oj9tAOXBkyOlKGdX6HN3Q,silverlight,spotify:track:1Oj9tAOXBkyOlKGdX6HN3Q,"Lyon, ",0.0139,0.663,218640,0.875,0.375,10,0.131,-4.871,1,0.034,123.995,4,0.467
1lSaZKRE9MQPXE8wpbN7c0,Sweet Poison,spotify:track:1lSaZKRE9MQPXE8wpbN7c0,"Dragonette, Dada, ",0.00782,0.607,208040,0.788,0.000778,6,0.103,-4.292,0,0.0411,112.059,4,0.204
2u02eLj96Atd6TBxkH9YvN,S&M,spotify:track:2u02eLj96Atd6TBxkH9YvN,"Rihanna, ",0.0156,0.764,243533,0.673,0.0000656,1,0.195,-4.946,1,0.0437,127.941,4,0.811
27SdWb2rFzO6GWiYDBTD9j,Cheap Thrills,spotify:track:27SdWb2rFzO6GWiYDBTD9j,"Sia, ",0.0472,0.628,211667,0.698,0.00143,6,0.0907,-5.608,0,0.105,89.976,4,0.73
4DvhkX2ic4zWkQeWMwQ2qf,Like A G6,spotify:track:4DvhkX2ic4zWkQeWMwQ2qf,"Far East Movement, The Cataracs, DEV, ",0.00738,0.352,216893,0.843,0,7,0.0883,-7.983,0,0.482,165.29,5,0.716
02M6vucOvmRfMxTXDUwRXu,7/11,spotify:track:02M6vucOvmRfMxTXDUwRXu,"Beyoncé, ",0.0128,0.747,213507,0.705,0,9,0.126,-5.137,0,0.126,136.024,4,0.571
63obpKLYuY1q2QP7Cbf29a,Lotto,spotify:track:63obpKLYuY1q2QP7Cbf29a,"EXO, ",0.0618,0.798,189775,0.867,0,11,0.193,-3.207,0,0.0386,99.996,4,0.715
7zrYKlgYQv1ELz7LGyjTd1,Bang Bang,spotify:track:7zrYKlgYQv1ELz7LGyjTd1,"Jessie J, Ariana Grande, Nicki Minaj, ",0.267,0.708,199373,0.752,0,0,0.377,-4.401,0,0.0886,150.058,4,0.709
5jlsg7onynIipVy5krMaRZ,Hair,spotify:track:5jlsg7onynIipVy5krMaRZ,"Little Mix, Sean Paul, ",0.00623,0.712,233827,0.835,0.00000168,7,0.843,-4.676,1,0.0487,153.956,4,0.738
0O45fw2L5vsWpdsOdXwNAR,SexyBack,spotify:track:0O45fw2L5vsWpdsOdXwNAR,"Justin Timberlake, Timbaland, ",0.0584,0.967,242733,0.583,0,7,0.0519,-5.562,0,0.0789,117,4,0.965
41Fflg7qHiVOD6dEPvsCzO,Worth It,spotify:track:41Fflg7qHiVOD6dEPvsCzO,"Fifth Harmony, Kid Ink, ",0.063,0.884,224573,0.765,0.00000704,8,0.118,-3.865,1,0.0882,99.987,4,0.555
1uXbwHHfgsXcUKfSZw5ZJ0,Run the World (Girls),spotify:track:1uXbwHHfgsXcUKfSZw5ZJ0,"Beyoncé, ",0.00496,0.733,236093,0.899,0.0000472,0,0.372,-4.237,1,0.143,127.086,4,0.746
7Kpqjspw4Y7HrvItIRcBiW,Jai Ho! (You Are My Destiny),spotify:track:7Kpqjspw4Y7HrvItIRcBiW,"A.R. Rahman, The Pussycat Dolls, Nicole Scherzinger, ",0.0548,0.653,222400,0.942,0.00000106,8,0.0699,-3.858,0,0.0609,136.198,4,0.885
3ZFTkvIE7kyPt6Nu3PEa7V,Hips Don't Lie,spotify:track:3ZFTkvIE7kyPt6Nu3PEa7V,"Shakira, Wyclef Jean, ",0.284,0.778,218093,0.824,0,10,0.405,-5.892,0,0.0712,100.024,4,0.767
4rmPQGwcLQjCoFq5NrTA0D,Uptown Funk,spotify:track:4rmPQGwcLQjCoFq5NrTA0D,"Mark Ronson, Bruno Mars, ",0.00966,0.853,270627,0.681,0.0000571,0,0.0233,-5.003,1,0.0888,115.004,4,0.937
00BuKLSAFkaEkaVAgIMbeA,Telephone,spotify:track:00BuKLSAFkaEkaVAgIMbeA,"Lady Gaga, Beyoncé, ",0.00587,0.825,220627,0.832,0.000789,5,0.114,-5.853,0,0.0403,122.021,4,0.713
0k2GOhqsrxDTAbFFSdNJjT,Temperature,spotify:track:0k2GOhqsrxDTAbFFSdNJjT,"Sean Paul, ",0.104,0.951,216467,0.597,0,0,0.0718,-4.651,0,0.0669,125.024,4,0.83
7pNC5ZIKtwUK0ReSpM3P9f,Black Widow,spotify:track:7pNC5ZIKtwUK0ReSpM3P9f,"Iggy Azalea, Rita Ora, ",0.181,0.741,209423,0.726,0.000189,3,0.111,-3.77,0,0.143,163.991,4,0.539
3bidbhpOYeV4knp8AIu8Xn,Can't Hold Us - feat. Ray Dalton,spotify:track:3bidbhpOYeV4knp8AIu8Xn,"Macklemore & Ryan Lewis, ",0.0291,0.641,258343,0.922,0,2,0.0862,-4.457,1,0.0786,146.078,4,0.85
5IVuqXILoxVWvWEPm82Jxr,Crazy In Love,spotify:track:5IVuqXILoxVWvWEPm82Jxr,"Beyoncé, JAY Z, ",0.00249,0.646,236133,0.77,0,2,0.0715,-6.596,0,0.226,99.165,4,0.687
59RSrxkSKSixEWBAIvE5Wa,Starships,spotify:track:59RSrxkSKSixEWBAIvE5Wa,"Nicki Minaj, ",0.167,0.748,210627,0.727,0,11,0.166,-2.42,0,0.0871,125.014,4,0.68
6C7RJEIUDqKkJRZVWdkfkH,Stronger,spotify:track:6C7RJEIUDqKkJRZVWdkfkH,"Kanye West, ",0.00728,0.625,311867,0.726,0,10,0.318,-7.731,0,0.155,103.98,4,0.479
5BSclXJTa9B0iURhUjZo50,La Tortura,spotify:track:5BSclXJTa9B0iURhUjZo50,"Shakira, Alejandro Sanz, ",0.0297,0.74,212893,0.783,0.000308,0,0.123,-5.367,1,0.0427,100.011,4,0.801
2a1o6ZejUi8U3wzzOtCOYw,Danza Kuduro,spotify:track:2a1o6ZejUi8U3wzzOtCOYw,"Don Omar, Lucenzo, ",0.0813,0.467,198773,0.92,0,0,0.0494,-4.78,1,0.239,130.012,4,0.862
7GbqE3MlkKosIaCvf50JRK,Lady Marmalade - From "Moulin Rouge" Soundtrack,spotify:track:7GbqE3MlkKosIaCvf50JRK,"Christina Aguilera, Lil' Kim, Mýa, Pink, ",0.0144,0.76,264893,0.801,0.0000149,5,0.665,-3.769,1,0.0534,109.919,4,0.658
6YZdkObH88npeKrrkb8Ggf,DUELE EL CORAZON,spotify:track:6YZdkObH88npeKrrkb8Ggf,"Enrique Iglesias, Wisin, ",0.0786,0.724,200813,0.904,0,8,0.226,-3.354,0,0.0966,90.999,4,0.851
7nD9nN3jord9wWcfW3Gkcm,All In My Head (Flex),spotify:track:7nD9nN3jord9wWcfW3Gkcm,"Fifth Harmony, Fetty Wap, ",0.023,0.689,210573,0.791,0,0,0.0526,-5.194,0,0.053,95.04,4,0.772
